from_site_id,to_site_id,measured_quality,effective_quality,rule
1,1,0.0,1.0,co_located_assumption
1,2,0.25790529076045043,0.25790529076045043,measured_directed
1,3,0.7751041184636742,0.7751041184636742,measured_directed
1,4,0.2390868425111831,0.2390868425111831,measured_directed
1,5,0.0023137436372049976,0.0023137436372049976,measured_directed
1,6,0.4169366034243406,0.4169366034243406,measured_directed
1,7,0.1948172142526608,0.1948172142526608,measured_directed
1,8,0.16335030078667284,0.16335030078667284,measured_directed
1,9,0.2520438068795311,0.2520438068795311,measured_directed
1,10,0.25127255900046275,0.25127255900046275,measured_directed
1,11,0.16597254357550517,0.16597254357550517,measured_directed
1,12,0.1372821224741632,0.1372821224741632,measured_directed
1,13,0.15826006478482185,0.15826006478482185,measured_directed
1,14,0.062162579052907604,0.062162579052907604,measured_directed
1,15,0.0009254974548819991,0.0009254974548819991,measured_directed
1,16,0.012031466913465988,0.012031466913465988,measured_directed
1,17,0.013882461823229986,0.013882461823229986,measured_directed
1,18,0.043035631652012955,0.043035631652012955,measured_directed
1,19,0.028998920252969303,0.028998920252969303,measured_directed
1,20,0.01588770630880765,0.01588770630880765,measured_directed
1,21,0.019743945704149314,0.019743945704149314,measured_directed
1,22,0.028073422798087305,0.028073422798087305,measured_directed
1,23,0.04812586765386395,0.04812586765386395,measured_directed
1,24,0.016967453339503315,0.016967453339503315,measured_directed
1,25,0.018201449946012648,0.018201449946012648,measured_directed
1,26,0.1220114144686102,0.1220114144686102,measured_directed
1,27,0.02791917322227364,0.02791917322227364,measured_directed
1,28,0.12077741786210087,0.12077741786210087,measured_directed
1,29,0.06987505784359092,0.06987505784359092,measured_directed
1,30,0.17939225667129416,0.17939225667129416,measured_directed
1,31,0.5104013705335291,0.5104013705335291,measured_directed
1,32,0.10010797470306956,0.10010797470306956,measured_directed
1,33,0.4318988122782662,0.4318988122782662,measured_directed
1,34,0.25775104118463676,0.25775104118463676,measured_directed
1,35,0.323307110905445,0.323307110905445,measured_directed
1,36,0.38145920098719727,0.38145920098719727,measured_directed
1,37,0.34428505321610364,0.34428505321610364,measured_directed
1,38,0.09825697979330557,0.09825697979330557,measured_directed
1,39,0.07619929045195126,0.07619929045195126,measured_directed
1,40,0.18957272867499614,0.18957272867499614,measured_directed
1,41,0.0626253277803486,0.0626253277803486,measured_directed
1,42,0.010026222427888323,0.010026222427888323,measured_directed
1,43,0.04241863334875829,0.04241863334875829,measured_directed
1,44,0.021594940613913313,0.021594940613913313,measured_directed
1,45,0.04504087613759062,0.04504087613759062,measured_directed
1,46,0.012494215640906988,0.012494215640906988,measured_directed
1,47,0.02745642449483264,0.02745642449483264,measured_directed
1,48,0.04874286595711862,0.04874286595711862,measured_directed
1,49,0.005398735153478328,0.005398735153478328,measured_directed
1,50,0.0,0.0,measured_directed
1,51,0.027302174919018974,0.027302174919018974,measured_directed
1,52,0.04519512571340429,0.04519512571340429,measured_directed
1,53,0.08730525991053524,0.08730525991053524,measured_directed
1,54,0.08422026839426192,0.08422026839426192,measured_directed
2,1,0.346100278551532,0.346100278551532,measured_directed
2,2,0.0,1.0,co_located_assumption
2,3,0.4388927576601671,0.4388927576601671,measured_directed
2,4,0.5988857938718662,0.5988857938718662,measured_directed
2,5,0.002263231197771588,0.002263231197771588,measured_directed
2,6,0.40668523676880225,0.40668523676880225,measured_directed
2,7,0.5238509749303621,0.5238509749303621,measured_directed
2,8,0.2576601671309192,0.2576601671309192,measured_directed
2,9,0.20630222841225626,0.20630222841225626,measured_directed
2,10,0.1613857938718663,0.1613857938718663,measured_directed
2,11,0.11246518105849582,0.11246518105849582,measured_directed
2,12,0.0927924791086351,0.0927924791086351,measured_directed
2,13,0.07155292479108635,0.07155292479108635,measured_directed
2,14,0.08356545961002786,0.08356545961002786,measured_directed
2,15,0.0,0.0,measured_directed
2,16,0.002437325905292479,0.002437325905292479,measured_directed
2,17,0.00644150417827298,0.00644150417827298,measured_directed
2,18,0.039171309192200555,0.039171309192200555,measured_directed
2,19,0.00504874651810585,0.00504874651810585,measured_directed
2,20,0.008008356545961003,0.008008356545961003,measured_directed
2,21,0.013753481894150418,0.013753481894150418,measured_directed
2,22,0.013057103064066851,0.013057103064066851,measured_directed
2,23,0.044220055710306405,0.044220055710306405,measured_directed
2,24,0.020717270194986072,0.020717270194986072,measured_directed
2,25,0.008704735376044569,0.008704735376044569,measured_directed
2,26,0.08582869080779944,0.08582869080779944,measured_directed
2,27,0.10219359331476323,0.10219359331476323,measured_directed
2,28,0.03603760445682451,0.03603760445682451,measured_directed
2,29,0.09940807799442897,0.09940807799442897,measured_directed
2,30,0.13579387186629527,0.13579387186629527,measured_directed
2,31,0.2760227107293638,0.2760227107293638,measured_directed
2,32,0.11995125348189414,0.11995125348189414,measured_directed
2,33,0.4399373259052925,0.4399373259052925,measured_directed
2,34,0.5571030640668524,0.5571030640668524,measured_directed
2,35,0.4717966573816156,0.4717966573816156,measured_directed
2,36,0.35132311977715874,0.35132311977715874,measured_directed
2,37,0.2945682451253482,0.2945682451253482,measured_directed
2,38,0.1998607242339833,0.1998607242339833,measured_directed
2,39,0.1310933147632312,0.1310933147632312,measured_directed
2,40,0.09331476323119778,0.09331476323119778,measured_directed
2,41,0.0684192200557103,0.0684192200557103,measured_directed
2,42,0.022632311977715876,0.022632311977715876,measured_directed
2,43,0.04474233983286908,0.04474233983286908,measured_directed
2,44,0.028551532033426183,0.028551532033426183,measured_directed
2,45,0.031162952646239556,0.031162952646239556,measured_directed
2,46,0.015668523676880222,0.015668523676880222,measured_directed
2,47,0.027332869080779944,0.027332869080779944,measured_directed
2,48,0.0443941504178273,0.0443941504178273,measured_directed
2,49,0.004874651810584958,0.004874651810584958,measured_directed
2,50,0.004352367688022284,0.004352367688022284,measured_directed
2,51,0.009227019498607242,0.009227019498607242,measured_directed
2,52,0.05170612813370473,0.05170612813370473,measured_directed
2,53,0.09366295264623956,0.09366295264623956,measured_directed
2,54,0.12360724233983288,0.12360724233983288,measured_directed
3,1,0.7533581023149472,0.7533581023149472,measured_directed
3,2,0.2223492426407545,0.2223492426407545,measured_directed
3,3,0.0,1.0,co_located_assumption
3,4,0.407830808802515,0.407830808802515,measured_directed
3,5,0.0017147756501857674,0.0017147756501857674,measured_directed
3,6,0.5075735924549871,0.5075735924549871,measured_directed
3,7,0.16990568733923977,0.16990568733923977,measured_directed
3,8,0.13961131751929123,0.13961131751929123,measured_directed
3,9,0.18791083166619035,0.18791083166619035,measured_directed
3,10,0.32695055730208633,0.32695055730208633,measured_directed
3,11,0.22892254929979994,0.22892254929979994,measured_directed
3,12,0.07830808802515005,0.07830808802515005,measured_directed
3,13,0.12875107173478137,0.12875107173478137,measured_directed
3,14,0.10002857959416976,0.10002857959416976,measured_directed
3,15,0.002286367533581023,0.002286367533581023,measured_directed
3,16,0.012575021434695627,0.012575021434695627,measured_directed
3,17,0.04958559588453844,0.04958559588453844,measured_directed
3,18,0.03329522720777365,0.03329522720777365,measured_directed
3,19,0.03443841097456416,0.03443841097456416,measured_directed
3,20,0.02643612460703058,0.02643612460703058,measured_directed
3,21,0.025435838811088882,0.025435838811088882,measured_directed
3,22,0.029865675907402117,0.029865675907402117,measured_directed
3,23,0.03272363532437839,0.03272363532437839,measured_directed
3,24,0.03986853386681909,0.03986853386681909,measured_directed
3,25,0.032437839382680765,0.032437839382680765,measured_directed
3,26,0.13489568448128036,0.13489568448128036,measured_directed
3,27,0.04972849385538725,0.04972849385538725,measured_directed
3,28,0.05244355530151472,0.05244355530151472,measured_directed
3,29,0.11846241783366676,0.11846241783366676,measured_directed
3,30,0.125178622463561,0.125178622463561,measured_directed
3,31,0.14941588785046728,0.14941588785046728,measured_directed
3,32,0.1986281794798514,0.1986281794798514,measured_directed
3,33,0.44498428122320666,0.44498428122320666,measured_directed
3,34,0.48528150900257216,0.48528150900257216,measured_directed
3,35,0.24535581594741354,0.24535581594741354,measured_directed
3,36,0.24449842812232067,0.24449842812232067,measured_directed
3,37,0.2969419834238354,0.2969419834238354,measured_directed
3,38,0.13446699056873393,0.13446699056873393,measured_directed
3,39,0.06616176050300086,0.06616176050300086,measured_directed
3,40,0.12932266361817663,0.12932266361817663,measured_directed
3,41,0.02129179765647328,0.02129179765647328,measured_directed
3,42,0.02200628751071735,0.02200628751071735,measured_directed
3,43,0.038868248070877395,0.038868248070877395,measured_directed
3,44,0.023006573306659044,0.023006573306659044,measured_directed
3,45,0.030865961703343815,0.030865961703343815,measured_directed
3,46,0.022720777364961416,0.022720777364961416,measured_directed
3,47,0.01557587882252072,0.01557587882252072,measured_directed
3,48,0.02029151186053158,0.02029151186053158,measured_directed
3,49,0.008430980280080023,0.008430980280080023,measured_directed
3,50,0.003715347242069163,0.003715347242069163,measured_directed
3,51,0.01986281794798514,0.01986281794798514,measured_directed
3,52,0.03758216633323807,0.03758216633323807,measured_directed
3,53,0.0481566161760503,0.0481566161760503,measured_directed
3,54,0.08359531294655616,0.08359531294655616,measured_directed
4,1,0.18534292847701572,0.18534292847701572,measured_directed
4,2,0.5713026876193273,0.5713026876193273,measured_directed
4,3,0.5178440299603466,0.5178440299603466,measured_directed
4,4,0.0,1.0,co_located_assumption
4,5,0.0032310177705977385,0.0032310177705977385,measured_directed
4,6,0.29519753267733884,0.29519753267733884,measured_directed
4,7,0.2161844617418123,0.2161844617418123,measured_directed
4,8,0.15303275077103834,0.15303275077103834,measured_directed
4,9,0.2163313261859304,0.2163313261859304,measured_directed
4,10,0.31796152151564105,0.31796152151564105,measured_directed
4,11,0.22308709061536203,0.22308709061536203,measured_directed
4,12,0.11587604640916434,0.11587604640916434,measured_directed
4,13,0.14304596857100896,0.14304596857100896,measured_directed
4,14,0.08855925980320165,0.08855925980320165,measured_directed
4,15,0.00587457776472316,0.00587457776472316,measured_directed
4,16,0.025701277720663825,0.025701277720663825,measured_directed
4,17,0.05125569099720958,0.05125569099720958,measured_directed
4,18,0.041268908797180204,0.041268908797180204,measured_directed
4,19,0.027757379938316933,0.027757379938316933,measured_directed
4,20,0.012336613305918637,0.012336613305918637,measured_directed
4,21,0.03862534880305478,0.03862534880305478,measured_directed
4,22,0.020120428844176825,0.020120428844176825,measured_directed
4,23,0.022470259950066088,0.022470259950066088,measured_directed
4,24,0.03113526215303275,0.03113526215303275,measured_directed
4,25,0.02526068438830959,0.02526068438830959,measured_directed
4,26,0.08239095315024232,0.08239095315024232,measured_directed
4,27,0.040828315464825966,0.040828315464825966,measured_directed
4,28,0.027463651050080775,0.027463651050080775,measured_directed
4,29,0.036128653253047434,0.036128653253047434,measured_directed
4,30,0.10794536642678806,0.10794536642678806,measured_directed
4,31,0.2836206896551724,0.2836206896551724,measured_directed
4,32,0.10926714642385078,0.10926714642385078,measured_directed
4,33,0.314143045968571,0.314143045968571,measured_directed
4,34,0.4217946835071229,0.4217946835071229,measured_directed
4,35,0.21559700396533998,0.21559700396533998,measured_directed
4,36,0.28388897048024675,0.28388897048024675,measured_directed
4,37,0.28227346159494787,0.28227346159494787,measured_directed
4,38,0.2553972683213394,0.2553972683213394,measured_directed
4,39,0.018945513291232192,0.018945513291232192,measured_directed
4,40,0.07122925539726832,0.07122925539726832,measured_directed
4,41,0.032163313261859304,0.032163313261859304,measured_directed
4,42,0.016889411073579087,0.016889411073579087,measured_directed
4,43,0.03319136437068586,0.03319136437068586,measured_directed
4,44,0.02070788662064914,0.02070788662064914,measured_directed
4,45,0.027169922161844617,0.027169922161844617,measured_directed
4,46,0.028932295491261566,0.028932295491261566,measured_directed
4,47,0.017770597738287562,0.017770597738287562,measured_directed
4,48,0.05125569099720958,0.05125569099720958,measured_directed
4,49,0.020561022176531062,0.020561022176531062,measured_directed
4,50,0.012336613305918637,0.012336613305918637,measured_directed
4,51,0.03098839770891467,0.03098839770891467,measured_directed
4,52,0.1644881774122485,0.1644881774122485,measured_directed
4,53,0.16492877074460274,0.16492877074460274,measured_directed
4,54,0.1959171684535174,0.1959171684535174,measured_directed
5,1,0.0,0.0,measured_directed
5,2,0.0,0.0,measured_directed
5,3,0.0,0.0,measured_directed
5,4,0.0,0.0,measured_directed
5,5,0.0,1.0,co_located_assumption
5,6,0.0,0.0,measured_directed
5,7,0.0,0.0,measured_directed
5,8,0.0,0.0,measured_directed
5,9,0.0,0.0,measured_directed
5,10,0.0,0.0,measured_directed
5,11,0.0,0.0,measured_directed
5,12,0.0,0.0,measured_directed
5,13,0.0,0.0,measured_directed
5,14,0.0,0.0,measured_directed
5,15,0.0,0.0,measured_directed
5,16,0.0,0.0,measured_directed
5,17,0.0,0.0,measured_directed
5,18,0.0,0.0,measured_directed
5,19,0.0,0.0,measured_directed
5,20,0.0,0.0,measured_directed
5,21,0.0,0.0,measured_directed
5,22,0.0,0.0,measured_directed
5,23,0.0,0.0,measured_directed
5,24,0.0,0.0,measured_directed
5,25,0.0,0.0,measured_directed
5,26,0.0,0.0,measured_directed
5,27,0.0,0.0,measured_directed
5,28,0.0,0.0,measured_directed
5,29,0.0,0.0,measured_directed
5,30,0.0,0.0,measured_directed
5,31,0.0,0.0,measured_directed
5,32,0.0,0.0,measured_directed
5,33,0.0,0.0,measured_directed
5,34,0.0,0.0,measured_directed
5,35,0.0,0.0,measured_directed
5,36,0.0,0.0,measured_directed
5,37,0.0,0.0,measured_directed
5,38,0.0,0.0,measured_directed
5,39,0.0,0.0,measured_directed
5,40,0.0,0.0,measured_directed
5,41,0.0,0.0,measured_directed
5,42,0.0,0.0,measured_directed
5,43,0.0,0.0,measured_directed
5,44,0.0,0.0,measured_directed
5,45,0.0,0.0,measured_directed
5,46,0.0,0.0,measured_directed
5,47,0.0,0.0,measured_directed
5,48,0.0,0.0,measured_directed
5,49,0.0,0.0,measured_directed
5,50,0.0,0.0,measured_directed
5,51,0.0,0.0,measured_directed
5,52,0.0,0.0,measured_directed
5,53,0.0,0.0,measured_directed
5,54,0.0,0.0,measured_directed
6,1,0.47816462064801774,0.47816462064801774,measured_directed
6,2,0.4181927953310525,0.4181927953310525,measured_directed
6,3,0.646810223384987,0.646810223384987,measured_directed
6,4,0.41074662910042264,0.41074662910042264,measured_directed
6,5,0.002414972831555645,0.002414972831555645,measured_directed
6,6,0.0,1.0,co_located_assumption
6,7,0.6091768967599115,0.6091768967599115,measured_directed
6,8,0.20346146105856308,0.20346146105856308,measured_directed
6,9,0.15757697725900585,0.15757697725900585,measured_directed
6,10,0.6367478365868384,0.6367478365868384,measured_directed
6,11,0.4191990340108674,0.4191990340108674,measured_directed
6,12,0.12577983497685652,0.12577983497685652,measured_directed
6,13,0.25799959750452806,0.25799959750452806,measured_directed
6,14,0.1422821493258201,0.1422821493258201,measured_directed
6,15,0.005836184342926142,0.005836184342926142,measured_directed
6,16,0.011068625477963372,0.011068625477963372,measured_directed
6,17,0.018313543972630308,0.018313543972630308,measured_directed
6,18,0.04065204266452002,0.04065204266452002,measured_directed
6,19,0.01509358019722278,0.01509358019722278,measured_directed
6,20,0.004024954719259408,0.004024954719259408,measured_directed
6,21,0.026564701147112096,0.026564701147112096,measured_directed
6,22,0.02414972831555645,0.02414972831555645,measured_directed
6,23,0.026967196619038035,0.026967196619038035,measured_directed
6,24,0.01469108472529684,0.01469108472529684,measured_directed
6,25,0.015898571141074663,0.015898571141074663,measured_directed
6,26,0.0911652243912256,0.0911652243912256,measured_directed
6,27,0.0251559669953713,0.0251559669953713,measured_directed
6,28,0.0517206681424834,0.0517206681424834,measured_directed
6,29,0.06882672569933589,0.06882672569933589,measured_directed
6,30,0.07506540551418797,0.07506540551418797,measured_directed
6,31,0.271301535974131,0.271301535974131,measured_directed
6,32,0.15737572952304288,0.15737572952304288,measured_directed
6,33,0.24129603541960154,0.24129603541960154,measured_directed
6,34,0.21573757295230428,0.21573757295230428,measured_directed
6,35,0.25337089957737974,0.25337089957737974,measured_directed
6,36,0.14791708593278327,0.14791708593278327,measured_directed
6,37,0.12839605554437514,0.12839605554437514,measured_directed
6,38,0.08110283759307708,0.08110283759307708,measured_directed
6,39,0.0482994566311129,0.0482994566311129,measured_directed
6,40,0.06278929362044677,0.06278929362044677,measured_directed
6,41,0.0571543570134836,0.0571543570134836,measured_directed
6,42,0.00965989132622258,0.00965989132622258,measured_directed
6,43,0.0142885892533709,0.0142885892533709,measured_directed
6,44,0.02455222378748239,0.02455222378748239,measured_directed
6,45,0.04165828134433488,0.04165828134433488,measured_directed
6,46,0.031797142282149325,0.031797142282149325,measured_directed
6,47,0.01006238679814852,0.01006238679814852,measured_directed
6,48,0.00945864359025961,0.00945864359025961,measured_directed
6,49,0.017709800764741396,0.017709800764741396,measured_directed
6,50,0.012879855101630106,0.012879855101630106,measured_directed
6,51,0.030589655866371503,0.030589655866371503,measured_directed
6,52,0.13704970819078285,0.13704970819078285,measured_directed
6,53,0.19017911048500705,0.19017911048500705,measured_directed
6,54,0.15838196820285771,0.15838196820285771,measured_directed
7,1,0.2489432703003337,0.2489432703003337,measured_directed
7,2,0.5229143492769744,0.5229143492769744,measured_directed
7,3,0.33948832035595106,0.33948832035595106,measured_directed
7,4,0.31624026696329255,0.31624026696329255,measured_directed
7,5,0.0023359288097886542,0.0023359288097886542,measured_directed
7,6,0.639377085650723,0.639377085650723,measured_directed
7,7,0.0,1.0,co_located_assumption
7,8,0.4100111234705228,0.4100111234705228,measured_directed
7,9,0.5402669632925473,0.5402669632925473,measured_directed
7,10,0.5877641824249166,0.5877641824249166,measured_directed
7,11,0.2987764182424917,0.2987764182424917,measured_directed
7,12,0.1339265850945495,0.1339265850945495,measured_directed
7,13,0.20556173526140156,0.20556173526140156,measured_directed
7,14,0.15439377085650724,0.15439377085650724,measured_directed
7,15,0.0026696329254727474,0.0026696329254727474,measured_directed
7,16,0.0031145717463848723,0.0031145717463848723,measured_directed
7,17,0.005339265850945495,0.005339265850945495,measured_directed
7,18,0.035261401557285875,0.035261401557285875,measured_directed
7,19,0.004560622914349277,0.004560622914349277,measured_directed
7,20,0.007007786429365962,0.007007786429365962,measured_directed
7,21,0.007452725250278087,0.007452725250278087,measured_directed
7,22,0.009121245828698554,0.009121245828698554,measured_directed
7,23,0.035261401557285875,0.035261401557285875,measured_directed
7,24,0.026918798665183537,0.026918798665183537,measured_directed
7,25,0.027252502780867632,0.027252502780867632,measured_directed
7,26,0.0760845383759733,0.0760845383759733,measured_directed
7,27,0.008676307007786429,0.008676307007786429,measured_directed
7,28,0.03604004449388209,0.03604004449388209,measured_directed
7,29,0.03581757508342603,0.03581757508342603,measured_directed
7,30,0.03915461624026696,0.03915461624026696,measured_directed
7,31,0.09419308227219363,0.09419308227219363,measured_directed
7,32,0.10200222469410455,0.10200222469410455,measured_directed
7,33,0.2478309232480534,0.2478309232480534,measured_directed
7,34,0.3353726362625139,0.3353726362625139,measured_directed
7,35,0.31590656284760843,0.31590656284760843,measured_directed
7,36,0.11101223581757508,0.11101223581757508,measured_directed
7,37,0.13526140155728586,0.13526140155728586,measured_directed
7,38,0.06718576195773081,0.06718576195773081,measured_directed
7,39,0.03759733036707453,0.03759733036707453,measured_directed
7,40,0.03648498331479422,0.03648498331479422,measured_directed
7,41,0.0023359288097886542,0.0023359288097886542,measured_directed
7,42,0.00011123470522803115,0.00011123470522803115,measured_directed
7,43,0.008787541713014461,0.008787541713014461,measured_directed
7,44,0.0,0.0,measured_directed
7,45,0.034482758620689655,0.034482758620689655,measured_directed
7,46,0.013904338153503892,0.013904338153503892,measured_directed
7,47,0.0,0.0,measured_directed
7,48,0.04171301446051168,0.04171301446051168,measured_directed
7,49,0.00011123470522803115,0.00011123470522803115,measured_directed
7,50,0.0,0.0,measured_directed
7,51,0.003781979977753059,0.003781979977753059,measured_directed
7,52,0.05517241379310345,0.05517241379310345,measured_directed
7,53,0.07708565072302559,0.07708565072302559,measured_directed
7,54,0.30634037819799775,0.30634037819799775,measured_directed
8,1,0.2340178867174561,0.2340178867174561,measured_directed
8,2,0.3209672076846638,0.3209672076846638,measured_directed
8,3,0.28519377277244123,0.28519377277244123,measured_directed
8,4,0.258198078834051,0.258198078834051,measured_directed
8,5,0.003146737330241802,0.003146737330241802,measured_directed
8,6,0.22441205697250746,0.22441205697250746,measured_directed
8,7,0.4117257369990063,0.4117257369990063,measured_directed
8,8,0.0,1.0,co_located_assumption
8,9,0.4870818151705863,0.4870818151705863,measured_directed
8,10,0.4695263332229215,0.4695263332229215,measured_directed
8,11,0.2934746604836038,0.2934746604836038,measured_directed
8,12,0.1257038754554488,0.1257038754554488,measured_directed
8,13,0.18979794633984762,0.18979794633984762,measured_directed
8,14,0.17505796621397815,0.17505796621397815,measured_directed
8,15,0.0,0.0,measured_directed
8,16,0.0,0.0,measured_directed
8,17,0.0,0.0,measured_directed
8,18,0.0033123550844650546,0.0033123550844650546,measured_directed
8,19,0.0,0.0,measured_directed
8,20,0.0004968532626697582,0.0004968532626697582,measured_directed
8,21,0.0008280887711162637,0.0008280887711162637,measured_directed
8,22,0.0008280887711162637,0.0008280887711162637,measured_directed
8,23,0.006624710168930109,0.006624710168930109,measured_directed
8,24,0.00016561775422325274,0.00016561775422325274,measured_directed
8,25,0.0,0.0,measured_directed
8,26,0.05034779728386883,0.05034779728386883,measured_directed
8,27,0.0034779728386883074,0.0034779728386883074,measured_directed
8,28,0.006459092414706857,0.006459092414706857,measured_directed
8,29,0.027989400463729712,0.027989400463729712,measured_directed
8,30,0.03527658164955283,0.03527658164955283,measured_directed
8,31,0.08753529649052037,0.08753529649052037,measured_directed
8,32,0.04736667770785028,0.04736667770785028,measured_directed
8,33,0.14276250414044386,0.14276250414044386,measured_directed
8,34,0.1990725405763498,0.1990725405763498,measured_directed
8,35,0.27625041404438555,0.27625041404438555,measured_directed
8,36,0.07966213978138456,0.07966213978138456,measured_directed
8,37,0.1268631997350116,0.1268631997350116,measured_directed
8,38,0.028155018217952965,0.028155018217952965,measured_directed
8,39,0.005299768135144088,0.005299768135144088,measured_directed
8,40,0.053494534614110634,0.053494534614110634,measured_directed
8,41,0.019046041735674063,0.019046041735674063,measured_directed
8,42,0.0,0.0,measured_directed
8,43,0.0,0.0,measured_directed
8,44,0.0,0.0,measured_directed
8,45,0.0009937065253395165,0.0009937065253395165,measured_directed
8,46,0.00016561775422325274,0.00016561775422325274,measured_directed
8,47,0.0003312355084465055,0.0003312355084465055,measured_directed
8,48,0.0606160980457105,0.0606160980457105,measured_directed
8,49,0.02020536601523683,0.02020536601523683,measured_directed
8,50,0.0,0.0,measured_directed
8,51,0.004471679364027824,0.004471679364027824,measured_directed
8,52,0.4312686319973501,0.4312686319973501,measured_directed
8,53,0.3272606823451474,0.3272606823451474,measured_directed
8,54,0.5842994368996356,0.5842994368996356,measured_directed
9,1,0.3029553064492648,0.3029553064492648,measured_directed
9,2,0.08050662396273112,0.08050662396273112,measured_directed
9,3,0.26161013247925463,0.26161013247925463,measured_directed
9,4,0.22856310962294366,0.22856310962294366,measured_directed
9,5,0.0017469791818314165,0.0017469791818314165,measured_directed
9,6,0.014994904644052991,0.014994904644052991,measured_directed
9,7,0.6338622798078323,0.6338622798078323,measured_directed
9,8,0.48609695734459163,0.48609695734459163,measured_directed
9,9,0.0,1.0,co_located_assumption
9,10,0.6644344154898821,0.6644344154898821,measured_directed
9,11,0.3517251419420585,0.3517251419420585,measured_directed
9,12,0.026204687727471247,0.026204687727471247,measured_directed
9,13,0.029116319697190276,0.029116319697190276,measured_directed
9,14,0.04018052118212258,0.04018052118212258,measured_directed
9,15,0.0,0.0,measured_directed
9,16,0.00014558159848595138,0.00014558159848595138,measured_directed
9,17,0.0,0.0,measured_directed
9,18,0.00043674479545785413,0.00043674479545785413,measured_directed
9,19,0.0,0.0,measured_directed
9,20,0.0,0.0,measured_directed
9,21,0.00014558159848595138,0.00014558159848595138,measured_directed
9,22,0.0,0.0,measured_directed
9,23,0.0,0.0,measured_directed
9,24,0.0,0.0,measured_directed
9,25,0.00014558159848595138,0.00014558159848595138,measured_directed
9,26,0.008152569515213277,0.008152569515213277,measured_directed
9,27,0.0,0.0,measured_directed
9,28,0.0,0.0,measured_directed
9,29,0.00014558159848595138,0.00014558159848595138,measured_directed
9,30,0.00029116319697190275,0.00029116319697190275,measured_directed
9,31,0.18539197812215133,0.18539197812215133,measured_directed
9,32,0.03159120687145145,0.03159120687145145,measured_directed
9,33,0.04673169311399039,0.04673169311399039,measured_directed
9,34,0.20046586111515505,0.20046586111515505,measured_directed
9,35,0.12680157228126365,0.12680157228126365,measured_directed
9,36,0.04425680593972922,0.04425680593972922,measured_directed
9,37,0.0952103654098122,0.0952103654098122,measured_directed
9,38,0.0010190711894016596,0.0010190711894016596,measured_directed
9,39,0.00014558159848595138,0.00014558159848595138,measured_directed
9,40,0.0,0.0,measured_directed
9,41,0.0005823263939438055,0.0005823263939438055,measured_directed
9,42,0.0,0.0,measured_directed
9,43,0.0,0.0,measured_directed
9,44,0.00014558159848595138,0.00014558159848595138,measured_directed
9,45,0.0,0.0,measured_directed
9,46,0.0,0.0,measured_directed
9,47,0.0,0.0,measured_directed
9,48,0.001164652787887611,0.001164652787887611,measured_directed
9,49,0.00043674479545785413,0.00043674479545785413,measured_directed
9,50,0.0,0.0,measured_directed
9,51,0.00029116319697190275,0.00029116319697190275,measured_directed
9,52,0.1119522492356966,0.1119522492356966,measured_directed
9,53,0.12942204105401078,0.12942204105401078,measured_directed
9,54,0.44868248653370213,0.44868248653370213,measured_directed
10,1,0.23267540700187292,0.23267540700187292,measured_directed
10,2,0.12159631177063825,0.12159631177063825,measured_directed
10,3,0.45771502665322,0.45771502665322,measured_directed
10,4,0.31061806656101426,0.31061806656101426,measured_directed
10,5,0.0018729289727704942,0.0018729289727704942,measured_directed
10,6,0.5755654804783172,0.5755654804783172,measured_directed
10,7,0.47356288719204725,0.47356288719204725,measured_directed
10,8,0.32185564039763725,0.32185564039763725,measured_directed
10,9,0.4823512462181242,0.4823512462181242,measured_directed
10,10,0.0,1.0,co_located_assumption
10,11,0.6488978533352543,0.6488978533352543,measured_directed
10,12,0.1846996110070595,0.1846996110070595,measured_directed
10,13,0.2983719925082841,0.2983719925082841,measured_directed
10,14,0.2930413485088604,0.2930413485088604,measured_directed
10,15,0.013542717187725112,0.013542717187725112,measured_directed
10,16,0.014263074484944531,0.014263074484944531,measured_directed
10,17,0.003601786486097104,0.003601786486097104,measured_directed
10,18,0.021610718916582623,0.021610718916582623,measured_directed
10,19,0.0,0.0,measured_directed
10,20,0.00014407145944388418,0.00014407145944388418,measured_directed
10,21,0.006051001296643135,0.006051001296643135,measured_directed
10,22,0.02074629015991932,0.02074629015991932,measured_directed
10,23,0.006051001296643135,0.006051001296643135,measured_directed
10,24,0.002737357729433799,0.002737357729433799,measured_directed
10,25,0.006339144215530904,0.006339144215530904,measured_directed
10,26,0.03918743696873649,0.03918743696873649,measured_directed
10,27,0.022187004754358162,0.022187004754358162,measured_directed
10,28,0.0682898717764011,0.0682898717764011,measured_directed
10,29,0.07261201555971762,0.07261201555971762,measured_directed
10,30,0.0482639389137012,0.0482639389137012,measured_directed
10,31,0.14227319177926648,0.14227319177926648,measured_directed
10,32,0.08500216107189165,0.08500216107189165,measured_directed
10,33,0.13427460020170004,0.13427460020170004,measured_directed
10,34,0.18801325457426885,0.18801325457426885,measured_directed
10,35,0.13585938625558278,0.13585938625558278,measured_directed
10,36,0.14493588820054748,0.14493588820054748,measured_directed
10,37,0.15775824809105315,0.15775824809105315,measured_directed
10,38,0.08125630312635067,0.08125630312635067,measured_directed
10,39,0.02521250540267973,0.02521250540267973,measured_directed
10,40,0.059213369831436394,0.059213369831436394,measured_directed
10,41,0.0005762858377755367,0.0005762858377755367,measured_directed
10,42,0.0,0.0,measured_directed
10,43,0.005474715458867598,0.005474715458867598,measured_directed
10,44,0.0028814291888776835,0.0028814291888776835,measured_directed
10,45,0.010517216539403544,0.010517216539403544,measured_directed
10,46,0.0004322143783316525,0.0004322143783316525,measured_directed
10,47,0.005906929837199251,0.005906929837199251,measured_directed
10,48,0.05114536810257888,0.05114536810257888,measured_directed
10,49,0.004898429621092062,0.004898429621092062,measured_directed
10,50,0.001584786053882726,0.001584786053882726,measured_directed
10,51,0.015271574701051721,0.015271574701051721,measured_directed
10,52,0.15473274744273158,0.15473274744273158,measured_directed
10,53,0.14853767468664458,0.14853767468664458,measured_directed
10,54,0.1401815300388993,0.1401815300388993,measured_directed
11,1,0.09294345815306579,0.09294345815306579,measured_directed
11,2,0.04669550947337013,0.04669550947337013,measured_directed
11,3,0.3671490377442936,0.3671490377442936,measured_directed
11,4,0.201700731015963,0.201700731015963,measured_directed
11,5,0.0022378039683723706,0.0022378039683723706,measured_directed
11,6,0.36968521557511563,0.36968521557511563,measured_directed
11,7,0.1914068327614501,0.1914068327614501,measured_directed
11,8,0.1811129345069372,0.1811129345069372,measured_directed
11,9,0.27510070117857677,0.27510070117857677,measured_directed
11,10,0.7113232880799643,0.7113232880799643,measured_directed
11,11,0.0,1.0,co_located_assumption
11,12,0.6344920184991795,0.6344920184991795,measured_directed
11,13,0.7659257049082501,0.7659257049082501,measured_directed
11,14,0.6652245263314933,0.6652245263314933,measured_directed
11,15,0.027152021482918096,0.027152021482918096,measured_directed
11,16,0.08160525137997911,0.08160525137997911,measured_directed
11,17,0.06832761450096972,0.06832761450096972,measured_directed
11,18,0.12531702222885274,0.12531702222885274,measured_directed
11,19,0.0241682828584216,0.0241682828584216,measured_directed
11,20,0.0019394301059227211,0.0019394301059227211,measured_directed
11,21,0.007011785767566761,0.007011785767566761,measured_directed
11,22,0.025212591376995375,0.025212591376995375,measured_directed
11,23,0.0007459346561241235,0.0007459346561241235,measured_directed
11,24,0.007459346561241235,0.007459346561241235,measured_directed
11,25,0.0013426823810234222,0.0013426823810234222,measured_directed
11,26,0.007011785767566761,0.007011785767566761,measured_directed
11,27,0.0011934954497985976,0.0011934954497985976,measured_directed
11,28,0.004624794867969566,0.004624794867969566,measured_directed
11,29,0.008205281217365358,0.008205281217365358,measured_directed
11,30,0.02058779650902581,0.02058779650902581,measured_directed
11,31,0.03343967860096892,0.03343967860096892,measured_directed
11,32,0.04535282709234671,0.04535282709234671,measured_directed
11,33,0.11039832910637028,0.11039832910637028,measured_directed
11,34,0.04251827539907504,0.04251827539907504,measured_directed
11,35,0.10428166492615247,0.10428166492615247,measured_directed
11,36,0.09607638370878711,0.09607638370878711,measured_directed
11,37,0.04341339698642399,0.04341339698642399,measured_directed
11,38,0.014172758466358347,0.014172758466358347,measured_directed
11,39,0.0002983738624496494,0.0002983738624496494,measured_directed
11,40,0.00537072952409369,0.00537072952409369,measured_directed
11,41,0.0011934954497985976,0.0011934954497985976,measured_directed
11,42,0.0,0.0,measured_directed
11,43,0.0002983738624496494,0.0002983738624496494,measured_directed
11,44,0.0001491869312248247,0.0001491869312248247,measured_directed
11,45,0.0002983738624496494,0.0002983738624496494,measured_directed
11,46,0.0005967477248992988,0.0005967477248992988,measured_directed
11,47,0.0,0.0,measured_directed
11,48,0.00537072952409369,0.00537072952409369,measured_directed
11,49,0.001641056243473072,0.001641056243473072,measured_directed
11,50,0.0002983738624496494,0.0002983738624496494,measured_directed
11,51,0.00507235566164404,0.00507235566164404,measured_directed
11,52,0.14292108011338206,0.14292108011338206,measured_directed
11,53,0.03595405042518275,0.03595405042518275,measured_directed
11,54,0.08145606444875429,0.08145606444875429,measured_directed
12,1,0.25963248369887376,0.25963248369887376,measured_directed
12,2,0.06846473029045644,0.06846473029045644,measured_directed
12,3,0.1022525192649674,0.1022525192649674,measured_directed
12,4,0.22436277415530528,0.22436277415530528,measured_directed
12,5,0.002074688796680498,0.002074688796680498,measured_directed
12,6,0.12359217545939538,0.12359217545939538,measured_directed
12,7,0.11055127445168939,0.11055127445168939,measured_directed
12,8,0.056016597510373446,0.056016597510373446,measured_directed
12,9,0.1763485477178423,0.1763485477178423,measured_directed
12,10,0.31683461766449317,0.31683461766449317,measured_directed
12,11,0.8257261410788381,0.8257261410788381,measured_directed
12,12,0.0,1.0,co_located_assumption
12,13,0.8091286307053942,0.8091286307053942,measured_directed
12,14,0.7329579134558387,0.7329579134558387,measured_directed
12,15,0.02074688796680498,0.02074688796680498,measured_directed
12,16,0.03852993479549496,0.03852993479549496,measured_directed
12,17,0.033491404860699465,0.033491404860699465,measured_directed
12,18,0.09276822762299941,0.09276822762299941,measured_directed
12,19,0.0002963841138114997,0.0002963841138114997,measured_directed
12,20,0.0,0.0,measured_directed
12,21,0.0,0.0,measured_directed
12,22,0.0002963841138114997,0.0002963841138114997,measured_directed
12,23,0.0,0.0,measured_directed
12,24,0.0008891523414344991,0.0008891523414344991,measured_directed
12,25,0.0,0.0,measured_directed
12,26,0.0005927682276229994,0.0005927682276229994,measured_directed
12,27,0.0002963841138114997,0.0002963841138114997,measured_directed
12,28,0.0,0.0,measured_directed
12,29,0.003852993479549496,0.003852993479549496,measured_directed
12,30,0.0,0.0,measured_directed
12,31,0.028076171875,0.028076171875,measured_directed
12,32,0.0002963841138114997,0.0002963841138114997,measured_directed
12,33,0.01926496739774748,0.01926496739774748,measured_directed
12,34,0.00978067575577949,0.00978067575577949,measured_directed
12,35,0.007409602845287492,0.007409602845287492,measured_directed
12,36,0.014819205690574985,0.014819205690574985,measured_directed
12,37,0.0017783046828689982,0.0017783046828689982,measured_directed
12,38,0.002963841138114997,0.002963841138114997,measured_directed
12,39,0.0,0.0,measured_directed
12,40,0.0,0.0,measured_directed
12,41,0.0,0.0,measured_directed
12,42,0.0,0.0,measured_directed
12,43,0.0,0.0,measured_directed
12,44,0.0,0.0,measured_directed
12,45,0.0,0.0,measured_directed
12,46,0.0,0.0,measured_directed
12,47,0.0,0.0,measured_directed
12,48,0.0,0.0,measured_directed
12,49,0.0,0.0,measured_directed
12,50,0.0,0.0,measured_directed
12,51,0.0,0.0,measured_directed
12,52,0.02222880853586248,0.02222880853586248,measured_directed
12,53,0.01985773562537048,0.01985773562537048,measured_directed
12,54,0.23858921161825725,0.23858921161825725,measured_directed
13,1,0.20586080586080585,0.20586080586080585,measured_directed
13,2,0.04542124542124542,0.04542124542124542,measured_directed
13,3,0.2293040293040293,0.2293040293040293,measured_directed
13,4,0.21782661782661783,0.21782661782661783,measured_directed
13,5,0.001221001221001221,0.001221001221001221,measured_directed
13,6,0.3357753357753358,0.3357753357753358,measured_directed
13,7,0.1907203907203907,0.1907203907203907,measured_directed
13,8,0.1409035409035409,0.1409035409035409,measured_directed
13,9,0.12942612942612944,0.12942612942612944,measured_directed
13,10,0.44932844932844934,0.44932844932844934,measured_directed
13,11,0.8161172161172161,0.8161172161172161,measured_directed
13,12,0.747008547008547,0.747008547008547,measured_directed
13,13,0.0,1.0,co_located_assumption
13,14,0.5367521367521367,0.5367521367521367,measured_directed
13,15,0.04126984126984127,0.04126984126984127,measured_directed
13,16,0.09694749694749695,0.09694749694749695,measured_directed
13,17,0.1824175824175824,0.1824175824175824,measured_directed
13,18,0.13797313797313798,0.13797313797313798,measured_directed
13,19,0.04713064713064713,0.04713064713064713,measured_directed
13,20,0.015384615384615385,0.015384615384615385,measured_directed
13,21,0.0336996336996337,0.0336996336996337,measured_directed
13,22,0.0735042735042735,0.0735042735042735,measured_directed
13,23,0.02857142857142857,0.02857142857142857,measured_directed
13,24,0.03907203907203907,0.03907203907203907,measured_directed
13,25,0.012698412698412698,0.012698412698412698,measured_directed
13,26,0.02905982905982906,0.02905982905982906,measured_directed
13,27,0.006837606837606838,0.006837606837606838,measured_directed
13,28,0.020024420024420023,0.020024420024420023,measured_directed
13,29,0.0485958485958486,0.0485958485958486,measured_directed
13,30,0.063003663003663,0.063003663003663,measured_directed
13,31,0.04796064767370363,0.04796064767370363,measured_directed
13,32,0.03540903540903541,0.03540903540903541,measured_directed
13,33,0.050793650793650794,0.050793650793650794,measured_directed
13,34,0.036141636141636145,0.036141636141636145,measured_directed
13,35,0.10793650793650794,0.10793650793650794,measured_directed
13,36,0.035897435897435895,0.035897435897435895,measured_directed
13,37,0.04908424908424908,0.04908424908424908,measured_directed
13,38,0.034432234432234435,0.034432234432234435,measured_directed
13,39,0.007081807081807082,0.007081807081807082,measured_directed
13,40,0.011965811965811965,0.011965811965811965,measured_directed
13,41,0.008302808302808303,0.008302808302808303,measured_directed
13,42,0.0,0.0,measured_directed
13,43,0.004395604395604396,0.004395604395604396,measured_directed
13,44,0.0,0.0,measured_directed
13,45,0.002197802197802198,0.002197802197802198,measured_directed
13,46,0.0,0.0,measured_directed
13,47,0.0002442002442002442,0.0002442002442002442,measured_directed
13,48,0.008547008547008546,0.008547008547008546,measured_directed
13,49,0.002197802197802198,0.002197802197802198,measured_directed
13,50,0.006349206349206349,0.006349206349206349,measured_directed
13,51,0.005372405372405372,0.005372405372405372,measured_directed
13,52,0.0905982905982906,0.0905982905982906,measured_directed
13,53,0.12820512820512822,0.12820512820512822,measured_directed
13,54,0.13113553113553114,0.13113553113553114,measured_directed
14,1,0.0006204756980351603,0.0006204756980351603,measured_directed
14,2,0.000827300930713547,0.000827300930713547,measured_directed
14,3,0.02626680455015512,0.02626680455015512,measured_directed
14,4,0.008479834539813857,0.008479834539813857,measured_directed
14,5,0.0004136504653567735,0.0004136504653567735,measured_directed
14,6,0.011995863495346431,0.011995863495346431,measured_directed
14,7,0.008273009307135471,0.008273009307135471,measured_directed
14,8,0.026059979317476733,0.026059979317476733,measured_directed
14,9,0.016339193381592555,0.016339193381592555,measured_directed
14,10,0.33174767321613235,0.33174767321613235,measured_directed
14,11,0.7462254395036194,0.7462254395036194,measured_directed
14,12,0.609100310237849,0.609100310237849,measured_directed
14,13,0.48190279214064113,0.48190279214064113,measured_directed
14,14,0.0,1.0,co_located_assumption
14,15,0.17745604963805583,0.17745604963805583,measured_directed
14,16,0.4016546018614271,0.4016546018614271,measured_directed
14,17,0.29286452947259567,0.29286452947259567,measured_directed
14,18,0.4847983453981386,0.4847983453981386,measured_directed
14,19,0.05046535677352637,0.05046535677352637,measured_directed
14,20,0.12781799379524303,0.12781799379524303,measured_directed
14,21,0.010134436401240952,0.010134436401240952,measured_directed
14,22,0.10982419855222338,0.10982419855222338,measured_directed
14,23,0.005584281282316443,0.005584281282316443,measured_directed
14,24,0.06163391933815925,0.06163391933815925,measured_directed
14,25,0.00020682523267838676,0.00020682523267838676,measured_directed
14,26,0.015925542916235783,0.015925542916235783,measured_directed
14,27,0.0004136504653567735,0.0004136504653567735,measured_directed
14,28,0.0,0.0,measured_directed
14,29,0.0004136504653567735,0.0004136504653567735,measured_directed
14,30,0.00020682523267838676,0.00020682523267838676,measured_directed
14,31,0.0,0.0,measured_directed
14,32,0.0,0.0,measured_directed
14,33,0.00020682523267838676,0.00020682523267838676,measured_directed
14,34,0.001034126163391934,0.001034126163391934,measured_directed
14,35,0.0006204756980351603,0.0006204756980351603,measured_directed
14,36,0.00020682523267838676,0.00020682523267838676,measured_directed
14,37,0.0,0.0,measured_directed
14,38,0.0,0.0,measured_directed
14,39,0.0,0.0,measured_directed
14,40,0.0,0.0,measured_directed
14,41,0.0,0.0,measured_directed
14,42,0.0,0.0,measured_directed
14,43,0.0,0.0,measured_directed
14,44,0.0,0.0,measured_directed
14,45,0.0,0.0,measured_directed
14,46,0.0,0.0,measured_directed
14,47,0.0,0.0,measured_directed
14,48,0.0,0.0,measured_directed
14,49,0.0,0.0,measured_directed
14,50,0.0,0.0,measured_directed
14,51,0.0,0.0,measured_directed
14,52,0.012616339193381593,0.012616339193381593,measured_directed
14,53,0.0012409513960703205,0.0012409513960703205,measured_directed
14,54,0.0012409513960703205,0.0012409513960703205,measured_directed
15,1,0.0,0.0,measured_directed
15,2,0.0,0.0,measured_directed
15,3,0.0,0.0,measured_directed
15,4,0.0,0.0,measured_directed
15,5,0.0,0.0,measured_directed
15,6,0.0,0.0,measured_directed
15,7,0.00046904315196998124,0.00046904315196998124,measured_directed
15,8,0.0,0.0,measured_directed
15,9,0.0,0.0,measured_directed
15,10,0.0009380863039399625,0.0009380863039399625,measured_directed
15,11,0.003283302063789869,0.003283302063789869,measured_directed
15,12,0.00046904315196998124,0.00046904315196998124,measured_directed
15,13,0.00046904315196998124,0.00046904315196998124,measured_directed
15,14,0.299718574108818,0.299718574108818,measured_directed
15,15,0.0,1.0,co_located_assumption
15,16,0.2603189493433396,0.2603189493433396,measured_directed
15,17,0.04878048780487805,0.04878048780487805,measured_directed
15,18,0.6022514071294559,0.6022514071294559,measured_directed
15,19,0.0014071294559099437,0.0014071294559099437,measured_directed
15,20,0.017354596622889306,0.017354596622889306,measured_directed
15,21,0.00375234521575985,0.00375234521575985,measured_directed
15,22,0.00375234521575985,0.00375234521575985,measured_directed
15,23,0.0014071294559099437,0.0014071294559099437,measured_directed
15,24,0.005628517823639775,0.005628517823639775,measured_directed
15,25,0.003283302063789869,0.003283302063789869,measured_directed
15,26,0.00375234521575985,0.00375234521575985,measured_directed
15,27,0.0023452157598499064,0.0023452157598499064,measured_directed
15,28,0.0,0.0,measured_directed
15,29,0.0,0.0,measured_directed
15,30,0.0014071294559099437,0.0014071294559099437,measured_directed
15,31,0.0009049773755656109,0.0009049773755656109,measured_directed
15,32,0.0,0.0,measured_directed
15,33,0.0,0.0,measured_directed
15,34,0.0,0.0,measured_directed
15,35,0.0,0.0,measured_directed
15,36,0.0,0.0,measured_directed
15,37,0.0,0.0,measured_directed
15,38,0.0,0.0,measured_directed
15,39,0.0,0.0,measured_directed
15,40,0.0,0.0,measured_directed
15,41,0.0,0.0,measured_directed
15,42,0.0,0.0,measured_directed
15,43,0.0,0.0,measured_directed
15,44,0.0,0.0,measured_directed
15,45,0.0,0.0,measured_directed
15,46,0.0,0.0,measured_directed
15,47,0.0,0.0,measured_directed
15,48,0.0,0.0,measured_directed
15,49,0.0,0.0,measured_directed
15,50,0.0,0.0,measured_directed
15,51,0.0,0.0,measured_directed
15,52,0.0,0.0,measured_directed
15,53,0.0,0.0,measured_directed
15,54,0.00046904315196998124,0.00046904315196998124,measured_directed
16,1,0.0,0.0,measured_directed
16,2,0.0,0.0,measured_directed
16,3,0.00016329196603527107,0.00016329196603527107,measured_directed
16,4,0.0009797517962116264,0.0009797517962116264,measured_directed
16,5,0.0,0.0,measured_directed
16,6,0.0,0.0,measured_directed
16,7,0.0,0.0,measured_directed
16,8,0.00016329196603527107,0.00016329196603527107,measured_directed
16,9,0.0,0.0,measured_directed
16,10,0.0006531678641410843,0.0006531678641410843,measured_directed
16,11,0.11054866100587851,0.11054866100587851,measured_directed
16,12,0.014859568909209668,0.014859568909209668,measured_directed
16,13,0.09666884389288047,0.09666884389288047,measured_directed
16,14,0.6814173742651861,0.6814173742651861,measured_directed
16,15,0.30992815153494446,0.30992815153494446,measured_directed
16,16,0.0,1.0,co_located_assumption
16,17,0.5236773350751143,0.5236773350751143,measured_directed
16,18,0.6806009144350098,0.6806009144350098,measured_directed
16,19,0.329523187459177,0.329523187459177,measured_directed
16,20,0.362671456564337,0.362671456564337,measured_directed
16,21,0.1980731548007838,0.1980731548007838,measured_directed
16,22,0.372305682560418,0.372305682560418,measured_directed
16,23,0.29719137818419333,0.29719137818419333,measured_directed
16,24,0.3094382756368387,0.3094382756368387,measured_directed
16,25,0.09977139124755062,0.09977139124755062,measured_directed
16,26,0.24853037230568256,0.24853037230568256,measured_directed
16,27,0.0034291312867406926,0.0034291312867406926,measured_directed
16,28,0.002449379490529066,0.002449379490529066,measured_directed
16,29,0.0009797517962116264,0.0009797517962116264,measured_directed
16,30,0.009307642064010451,0.009307642064010451,measured_directed
16,31,0.00027037988373665,0.00027037988373665,measured_directed
16,32,0.0,0.0,measured_directed
16,33,0.0,0.0,measured_directed
16,34,0.00016329196603527107,0.00016329196603527107,measured_directed
16,35,0.0,0.0,measured_directed
16,36,0.0,0.0,measured_directed
16,37,0.0,0.0,measured_directed
16,38,0.00016329196603527107,0.00016329196603527107,measured_directed
16,39,0.0,0.0,measured_directed
16,40,0.0,0.0,measured_directed
16,41,0.0,0.0,measured_directed
16,42,0.0,0.0,measured_directed
16,43,0.0,0.0,measured_directed
16,44,0.0,0.0,measured_directed
16,45,0.0,0.0,measured_directed
16,46,0.0,0.0,measured_directed
16,47,0.0,0.0,measured_directed
16,48,0.0,0.0,measured_directed
16,49,0.0,0.0,measured_directed
16,50,0.0,0.0,measured_directed
16,51,0.0,0.0,measured_directed
16,52,0.0,0.0,measured_directed
16,53,0.0,0.0,measured_directed
16,54,0.0,0.0,measured_directed
17,1,0.0,0.0,measured_directed
17,2,0.0,0.0,measured_directed
17,3,0.0018487394957983194,0.0018487394957983194,measured_directed
17,4,0.0005042016806722689,0.0005042016806722689,measured_directed
17,5,0.0,0.0,measured_directed
17,6,0.0,0.0,measured_directed
17,7,0.0,0.0,measured_directed
17,8,0.0,0.0,measured_directed
17,9,0.0,0.0,measured_directed
17,10,0.0,0.0,measured_directed
17,11,0.004705882352941177,0.004705882352941177,measured_directed
17,12,0.001680672268907563,0.001680672268907563,measured_directed
17,13,0.02621848739495798,0.02621848739495798,measured_directed
17,14,0.24319327731092438,0.24319327731092438,measured_directed
17,15,0.049411764705882356,0.049411764705882356,measured_directed
17,16,0.2942857142857143,0.2942857142857143,measured_directed
17,17,0.0,1.0,co_located_assumption
17,18,0.3556302521008403,0.3556302521008403,measured_directed
17,19,0.5008403361344538,0.5008403361344538,measured_directed
17,20,0.5751260504201681,0.5751260504201681,measured_directed
17,21,0.4364705882352941,0.4364705882352941,measured_directed
17,22,0.1826890756302521,0.1826890756302521,measured_directed
17,23,0.28823529411764703,0.28823529411764703,measured_directed
17,24,0.06470588235294118,0.06470588235294118,measured_directed
17,25,0.010252100840336134,0.010252100840336134,measured_directed
17,26,0.026050420168067228,0.026050420168067228,measured_directed
17,27,0.002689075630252101,0.002689075630252101,measured_directed
17,28,0.0020168067226890756,0.0020168067226890756,measured_directed
17,29,0.0015126050420168067,0.0015126050420168067,measured_directed
17,30,0.0013445378151260505,0.0013445378151260505,measured_directed
17,31,0.0036059240180296203,0.0036059240180296203,measured_directed
17,32,0.0,0.0,measured_directed
17,33,0.0,0.0,measured_directed
17,34,0.0001680672268907563,0.0001680672268907563,measured_directed
17,35,0.0,0.0,measured_directed
17,36,0.0,0.0,measured_directed
17,37,0.0001680672268907563,0.0001680672268907563,measured_directed
17,38,0.0001680672268907563,0.0001680672268907563,measured_directed
17,39,0.0,0.0,measured_directed
17,40,0.0,0.0,measured_directed
17,41,0.0,0.0,measured_directed
17,42,0.0,0.0,measured_directed
17,43,0.0,0.0,measured_directed
17,44,0.0,0.0,measured_directed
17,45,0.0,0.0,measured_directed
17,46,0.0,0.0,measured_directed
17,47,0.0,0.0,measured_directed
17,48,0.0,0.0,measured_directed
17,49,0.0,0.0,measured_directed
17,50,0.0,0.0,measured_directed
17,51,0.0,0.0,measured_directed
17,52,0.0,0.0,measured_directed
17,53,0.0,0.0,measured_directed
17,54,0.0003361344537815126,0.0003361344537815126,measured_directed
18,1,0.00034391837670526195,0.00034391837670526195,measured_directed
18,2,0.00034391837670526195,0.00034391837670526195,measured_directed
18,3,0.00034391837670526195,0.00034391837670526195,measured_directed
18,4,0.0006878367534105239,0.0006878367534105239,measured_directed
18,5,0.0,0.0,measured_directed
18,6,0.00022927891780350797,0.00022927891780350797,measured_directed
18,7,0.00045855783560701593,0.00045855783560701593,measured_directed
18,8,0.00034391837670526195,0.00034391837670526195,measured_directed
18,9,0.00022927891780350797,0.00022927891780350797,measured_directed
18,10,0.00022927891780350797,0.00022927891780350797,measured_directed
18,11,0.036111429554052506,0.036111429554052506,measured_directed
18,12,0.0006878367534105239,0.0006878367534105239,measured_directed
18,13,0.0032099048492491115,0.0032099048492491115,measured_directed
18,14,0.3651266766020864,0.3651266766020864,measured_directed
18,15,0.19695059039321333,0.19695059039321333,measured_directed
18,16,0.24601627880316404,0.24601627880316404,measured_directed
18,17,0.2212541556803852,0.2212541556803852,measured_directed
18,18,0.0,1.0,co_located_assumption
18,19,0.041270205204631434,0.041270205204631434,measured_directed
18,20,0.5287171844548894,0.5287171844548894,measured_directed
18,21,0.7150063051702396,0.7150063051702396,measured_directed
18,22,0.7476785509572395,0.7476785509572395,measured_directed
18,23,0.6023157170698155,0.6023157170698155,measured_directed
18,24,0.6928808896022011,0.6928808896022011,measured_directed
18,25,0.3329129886506936,0.3329129886506936,measured_directed
18,26,0.23982574802246934,0.23982574802246934,measured_directed
18,27,0.020061905307806948,0.020061905307806948,measured_directed
18,28,0.01238106156138943,0.01238106156138943,measured_directed
18,29,0.0013756735068210478,0.0013756735068210478,measured_directed
18,30,0.0013756735068210478,0.0013756735068210478,measured_directed
18,31,0.0007393715341959334,0.0007393715341959334,measured_directed
18,32,0.00045855783560701593,0.00045855783560701593,measured_directed
18,33,0.0,0.0,measured_directed
18,34,0.00034391837670526195,0.00034391837670526195,measured_directed
18,35,0.00011463945890175398,0.00011463945890175398,measured_directed
18,36,0.00034391837670526195,0.00034391837670526195,measured_directed
18,37,0.00045855783560701593,0.00045855783560701593,measured_directed
18,38,0.00022927891780350797,0.00022927891780350797,measured_directed
18,39,0.00011463945890175398,0.00011463945890175398,measured_directed
18,40,0.0,0.0,measured_directed
18,41,0.0,0.0,measured_directed
18,42,0.0,0.0,measured_directed
18,43,0.0,0.0,measured_directed
18,44,0.0,0.0,measured_directed
18,45,0.0,0.0,measured_directed
18,46,0.0,0.0,measured_directed
18,47,0.0,0.0,measured_directed
18,48,0.0,0.0,measured_directed
18,49,0.0,0.0,measured_directed
18,50,0.0,0.0,measured_directed
18,51,0.0,0.0,measured_directed
18,52,0.00022927891780350797,0.00022927891780350797,measured_directed
18,53,0.0,0.0,measured_directed
18,54,0.0,0.0,measured_directed
19,1,0.00018138944313440957,0.00018138944313440957,measured_directed
19,2,0.0,0.0,measured_directed
19,3,0.006711409395973154,0.006711409395973154,measured_directed
19,4,0.00018138944313440957,0.00018138944313440957,measured_directed
19,5,0.0,0.0,measured_directed
19,6,0.0,0.0,measured_directed
19,7,0.00018138944313440957,0.00018138944313440957,measured_directed
19,8,0.0,0.0,measured_directed
19,9,0.0,0.0,measured_directed
19,10,0.00036277888626881915,0.00036277888626881915,measured_directed
19,11,0.05151460185017232,0.05151460185017232,measured_directed
19,12,0.00036277888626881915,0.00036277888626881915,measured_directed
19,13,0.023943406493742065,0.023943406493742065,measured_directed
19,14,0.28115363685833483,0.28115363685833483,measured_directed
19,15,0.045891529113005626,0.045891529113005626,measured_directed
19,16,0.5089787774351533,0.5089787774351533,measured_directed
19,17,0.7801559949210956,0.7801559949210956,measured_directed
19,18,0.49573734808634135,0.49573734808634135,measured_directed
19,19,0.0,1.0,co_located_assumption
19,20,0.43479049519317975,0.43479049519317975,measured_directed
19,21,0.8011971703246871,0.8011971703246871,measured_directed
19,22,0.5450752766189008,0.5450752766189008,measured_directed
19,23,0.7418828224197351,0.7418828224197351,measured_directed
19,24,0.25031743152548525,0.25031743152548525,measured_directed
19,25,0.0700163250498821,0.0700163250498821,measured_directed
19,26,0.5053509885724651,0.5053509885724651,measured_directed
19,27,0.13785597678215128,0.13785597678215128,measured_directed
19,28,0.05133321240703791,0.05133321240703791,measured_directed
19,29,0.0023580627607473247,0.0023580627607473247,measured_directed
19,30,0.017776165427172138,0.017776165427172138,measured_directed
19,31,0.012072434607645875,0.012072434607645875,measured_directed
19,32,0.001269726101940867,0.001269726101940867,measured_directed
19,33,0.0,0.0,measured_directed
19,34,0.0009069472156720479,0.0009069472156720479,measured_directed
19,35,0.0,0.0,measured_directed
19,36,0.0,0.0,measured_directed
19,37,0.00036277888626881915,0.00036277888626881915,measured_directed
19,38,0.00036277888626881915,0.00036277888626881915,measured_directed
19,39,0.0,0.0,measured_directed
19,40,0.0,0.0,measured_directed
19,41,0.0,0.0,measured_directed
19,42,0.0,0.0,measured_directed
19,43,0.0,0.0,measured_directed
19,44,0.0,0.0,measured_directed
19,45,0.0,0.0,measured_directed
19,46,0.0,0.0,measured_directed
19,47,0.0,0.0,measured_directed
19,48,0.0,0.0,measured_directed
19,49,0.0,0.0,measured_directed
19,50,0.0,0.0,measured_directed
19,51,0.0,0.0,measured_directed
19,52,0.0,0.0,measured_directed
19,53,0.0,0.0,measured_directed
19,54,0.0,0.0,measured_directed
20,1,0.009939691757873577,0.009939691757873577,measured_directed
20,2,0.009492964038418584,0.009492964038418584,measured_directed
20,3,0.020326111235202143,0.020326111235202143,measured_directed
20,4,0.004690641054277418,0.004690641054277418,measured_directed
20,5,0.00011168192986374806,0.00011168192986374806,measured_directed
20,6,0.0,0.0,measured_directed
20,7,0.0013401831583649765,0.0013401831583649765,measured_directed
20,8,0.00033504578959124413,0.00033504578959124413,measured_directed
20,9,0.00011168192986374806,0.00011168192986374806,measured_directed
20,10,0.0,0.0,measured_directed
20,11,0.009381282108554836,0.009381282108554836,measured_directed
20,12,0.002233638597274961,0.002233638597274961,measured_directed
20,13,0.013848559303104758,0.013848559303104758,measured_directed
20,14,0.33850792941702035,0.33850792941702035,measured_directed
20,15,0.19589010498101406,0.19589010498101406,measured_directed
20,16,0.4109895018985928,0.4109895018985928,measured_directed
20,17,0.5610900156354702,0.5610900156354702,measured_directed
20,18,0.6942148760330579,0.6942148760330579,measured_directed
20,19,0.313379495197677,0.313379495197677,measured_directed
20,20,0.0,1.0,co_located_assumption
20,21,0.6164842528478892,0.6164842528478892,measured_directed
20,22,0.6807013625195444,0.6807013625195444,measured_directed
20,23,0.6486486486486487,0.6486486486486487,measured_directed
20,24,0.6255304891668528,0.6255304891668528,measured_directed
20,25,0.45153004243913336,0.45153004243913336,measured_directed
20,26,0.4962028143846326,0.4962028143846326,measured_directed
20,27,0.22358722358722358,0.22358722358722358,measured_directed
20,28,0.05528255528255528,0.05528255528255528,measured_directed
20,29,0.009939691757873577,0.009939691757873577,measured_directed
20,30,0.10431092249274067,0.10431092249274067,measured_directed
20,31,0.09812747569319409,0.09812747569319409,measured_directed
20,32,0.02412329685056958,0.02412329685056958,measured_directed
20,33,0.00915791824882734,0.00915791824882734,measured_directed
20,34,0.016305561760107216,0.016305561760107216,measured_directed
20,35,0.022671431762340852,0.022671431762340852,measured_directed
20,36,0.015858834040652223,0.015858834040652223,measured_directed
20,37,0.0171990171990172,0.0171990171990172,measured_directed
20,38,0.026133571588117042,0.026133571588117042,measured_directed
20,39,0.012731740004467277,0.012731740004467277,measured_directed
20,40,0.04925173106991289,0.04925173106991289,measured_directed
20,41,0.04936341299977664,0.04936341299977664,measured_directed
20,42,0.026580299307572035,0.026580299307572035,measured_directed
20,43,0.041657359839178024,0.041657359839178024,measured_directed
20,44,0.04310922492740674,0.04310922492740674,measured_directed
20,45,0.04567790931427295,0.04567790931427295,measured_directed
20,46,0.03383962474871566,0.03383962474871566,measured_directed
20,47,0.01775742684833594,0.01775742684833594,measured_directed
20,48,0.03406298860844315,0.03406298860844315,measured_directed
20,49,0.011279874916238553,0.011279874916238553,measured_directed
20,50,0.01027473754746482,0.01027473754746482,measured_directed
20,51,0.02010274737547465,0.02010274737547465,measured_directed
20,52,0.00044672771945499217,0.00044672771945499217,measured_directed
20,53,0.0,0.0,measured_directed
20,54,0.0,0.0,measured_directed
21,1,0.016328331862312445,0.016328331862312445,measured_directed
21,2,0.007612533097969991,0.007612533097969991,measured_directed
21,3,0.09223300970873786,0.09223300970873786,measured_directed
21,4,0.09135039717563989,0.09135039717563989,measured_directed
21,5,0.0005516328331862312,0.0005516328331862312,measured_directed
21,6,0.01831421006178288,0.01831421006178288,measured_directed
21,7,0.008605472197705208,0.008605472197705208,measured_directed
21,8,0.0005516328331862312,0.0005516328331862312,measured_directed
21,9,0.002206531332744925,0.002206531332744925,measured_directed
21,10,0.00706090026478376,0.00706090026478376,measured_directed
21,11,0.11275375110326567,0.11275375110326567,measured_directed
21,12,0.00088261253309797,0.00088261253309797,measured_directed
21,13,0.1001765225066196,0.1001765225066196,measured_directed
21,14,0.19285083848190643,0.19285083848190643,measured_directed
21,15,0.1379082082965578,0.1379082082965578,measured_directed
21,16,0.24393203883495146,0.24393203883495146,measured_directed
21,17,0.5027581641659311,0.5027581641659311,measured_directed
21,18,0.7124889673433363,0.7124889673433363,measured_directed
21,19,0.4608340688437776,0.4608340688437776,measured_directed
21,20,0.5270300088261254,0.5270300088261254,measured_directed
21,21,0.0,1.0,co_located_assumption
21,22,0.6995807590467784,0.6995807590467784,measured_directed
21,23,0.6831421006178288,0.6831421006178288,measured_directed
21,24,0.5731465136804943,0.5731465136804943,measured_directed
21,25,0.3928729037952339,0.3928729037952339,measured_directed
21,26,0.6041482789055604,0.6041482789055604,measured_directed
21,27,0.1991394527802295,0.1991394527802295,measured_directed
21,28,0.14022506619593997,0.14022506619593997,measured_directed
21,29,0.21601941747572817,0.21601941747572817,measured_directed
21,30,0.05593556928508385,0.05593556928508385,measured_directed
21,31,0.2332214765100671,0.2332214765100671,measured_directed
21,32,0.07259488084730803,0.07259488084730803,measured_directed
21,33,0.006729920564872021,0.006729920564872021,measured_directed
21,34,0.01853486319505737,0.01853486319505737,measured_directed
21,35,0.05063989408649603,0.05063989408649603,measured_directed
21,36,0.03210503089143866,0.03210503089143866,measured_directed
21,37,0.03740070609002648,0.03740070609002648,measured_directed
21,38,0.008715798764342454,0.008715798764342454,measured_directed
21,39,0.0012135922330097086,0.0012135922330097086,measured_directed
21,40,0.0002206531332744925,0.0002206531332744925,measured_directed
21,41,0.0,0.0,measured_directed
21,42,0.0,0.0,measured_directed
21,43,0.0,0.0,measured_directed
21,44,0.0,0.0,measured_directed
21,45,0.0,0.0,measured_directed
21,46,0.0,0.0,measured_directed
21,47,0.0,0.0,measured_directed
21,48,0.0,0.0,measured_directed
21,49,0.0,0.0,measured_directed
21,50,0.0,0.0,measured_directed
21,51,0.0,0.0,measured_directed
21,52,0.0,0.0,measured_directed
21,53,0.0,0.0,measured_directed
21,54,0.0,0.0,measured_directed
22,1,0.026830041195732544,0.026830041195732544,measured_directed
22,2,0.015210732016478294,0.015210732016478294,measured_directed
22,3,0.06939896482518221,0.06939896482518221,measured_directed
22,4,0.030527094116404353,0.030527094116404353,measured_directed
22,5,0.00010563008344776593,0.00010563008344776593,measured_directed
22,6,0.01785148410267244,0.01785148410267244,measured_directed
22,7,0.012464349846836378,0.012464349846836378,measured_directed
22,8,0.017428963768881377,0.017428963768881377,measured_directed
22,9,0.0016900813351642548,0.0016900813351642548,measured_directed
22,10,0.03591422837224041,0.03591422837224041,measured_directed
22,11,0.12052392521390091,0.12052392521390091,measured_directed
22,12,0.013837540931657335,0.013837540931657335,measured_directed
22,13,0.12749551072145346,0.12749551072145346,measured_directed
22,14,0.2830886236400127,0.2830886236400127,measured_directed
22,15,0.12348156755043836,0.12348156755043836,measured_directed
22,16,0.3175240308439844,0.3175240308439844,measured_directed
22,17,0.4045632196049435,0.4045632196049435,measured_directed
22,18,0.706242737931763,0.706242737931763,measured_directed
22,19,0.30960177458540195,0.30960177458540195,measured_directed
22,20,0.597021231646773,0.597021231646773,measured_directed
22,21,0.6825815992394634,0.6825815992394634,measured_directed
22,22,0.0,1.0,co_located_assumption
22,23,0.7452202387239886,0.7452202387239886,measured_directed
22,24,0.7679307066652583,0.7679307066652583,measured_directed
22,25,0.47258899334530474,0.47258899334530474,measured_directed
22,26,0.36812084081546426,0.36812084081546426,measured_directed
22,27,0.203971691137636,0.203971691137636,measured_directed
22,28,0.23460441533748813,0.23460441533748813,measured_directed
22,29,0.20418295130453154,0.20418295130453154,measured_directed
22,30,0.13404457589521496,0.13404457589521496,measured_directed
22,31,0.1285934291581109,0.1285934291581109,measured_directed
22,32,0.13488961656279708,0.13488961656279708,measured_directed
22,33,0.07256786732861518,0.07256786732861518,measured_directed
22,34,0.051441850639062,0.051441850639062,measured_directed
22,35,0.09147565226576529,0.09147565226576529,measured_directed
22,36,0.032745325868807434,0.032745325868807434,measured_directed
22,37,0.07732122108376466,0.07732122108376466,measured_directed
22,38,0.03422414703707616,0.03422414703707616,measured_directed
22,39,0.011091158762015422,0.011091158762015422,measured_directed
22,40,0.01658392310129925,0.01658392310129925,measured_directed
22,41,0.004436463504806169,0.004436463504806169,measured_directed
22,42,0.00010563008344776593,0.00010563008344776593,measured_directed
22,43,0.00010563008344776593,0.00010563008344776593,measured_directed
22,44,0.0,0.0,measured_directed
22,45,0.0035914228372240413,0.0035914228372240413,measured_directed
22,46,0.0,0.0,measured_directed
22,47,0.0,0.0,measured_directed
22,48,0.00010563008344776593,0.00010563008344776593,measured_directed
22,49,0.0,0.0,measured_directed
22,50,0.0,0.0,measured_directed
22,51,0.0,0.0,measured_directed
22,52,0.0,0.0,measured_directed
22,53,0.00010563008344776593,0.00010563008344776593,measured_directed
22,54,0.0,0.0,measured_directed
23,1,0.07666060054595086,0.07666060054595086,measured_directed
23,2,0.07984531392174704,0.07984531392174704,measured_directed
23,3,0.08109645131938126,0.08109645131938126,measured_directed
23,4,0.0517515923566879,0.0517515923566879,measured_directed
23,5,0.0006824385805277526,0.0006824385805277526,measured_directed
23,6,0.034804367606915375,0.034804367606915375,measured_directed
23,7,0.06733393994540492,0.06733393994540492,measured_directed
23,8,0.046974522292993634,0.046974522292993634,measured_directed
23,9,0.0019335759781619654,0.0019335759781619654,measured_directed
23,10,0.02240673339399454,0.02240673339399454,measured_directed
23,11,0.08268880800727935,0.08268880800727935,measured_directed
23,12,0.0077343039126478615,0.0077343039126478615,measured_directed
23,13,0.0818926296633303,0.0818926296633303,measured_directed
23,14,0.16298908098271156,0.16298908098271156,measured_directed
23,15,0.12045040946314832,0.12045040946314832,measured_directed
23,16,0.2762738853503185,0.2762738853503185,measured_directed
23,17,0.3705641492265696,0.3705641492265696,measured_directed
23,18,0.5768880800727935,0.5768880800727935,measured_directed
23,19,0.33712465878070974,0.33712465878070974,measured_directed
23,20,0.45348043676069155,0.45348043676069155,measured_directed
23,21,0.5763193812556869,0.5763193812556869,measured_directed
23,22,0.6774340309372157,0.6774340309372157,measured_directed
23,23,0.0,1.0,co_located_assumption
23,24,0.6902866242038217,0.6902866242038217,measured_directed
23,25,0.3494085532302093,0.3494085532302093,measured_directed
23,26,0.5573248407643312,0.5573248407643312,measured_directed
23,27,0.35737033666969975,0.35737033666969975,measured_directed
23,28,0.28059599636032756,0.28059599636032756,measured_directed
23,29,0.24818016378525934,0.24818016378525934,measured_directed
23,30,0.16185168334849864,0.16185168334849864,measured_directed
23,31,0.31176197117619714,0.31176197117619714,measured_directed
23,32,0.16162420382165604,0.16162420382165604,measured_directed
23,33,0.06517288444040037,0.06517288444040037,measured_directed
23,34,0.12443130118289354,0.12443130118289354,measured_directed
23,35,0.0921292083712466,0.0921292083712466,measured_directed
23,36,0.07006369426751592,0.07006369426751592,measured_directed
23,37,0.10327570518653321,0.10327570518653321,measured_directed
23,38,0.034121929026387623,0.034121929026387623,measured_directed
23,39,0.025818926296633304,0.025818926296633304,measured_directed
23,40,0.02570518653321201,0.02570518653321201,measured_directed
23,41,0.038444040036396725,0.038444040036396725,measured_directed
23,42,0.00022747952684258417,0.00022747952684258417,measured_directed
23,43,0.0003412192902638763,0.0003412192902638763,measured_directed
23,44,0.0,0.0,measured_directed
23,45,0.00022747952684258417,0.00022747952684258417,measured_directed
23,46,0.0,0.0,measured_directed
23,47,0.0,0.0,measured_directed
23,48,0.0,0.0,measured_directed
23,49,0.0,0.0,measured_directed
23,50,0.0,0.0,measured_directed
23,51,0.0,0.0,measured_directed
23,52,0.0,0.0,measured_directed
23,53,0.0,0.0,measured_directed
23,54,0.0186533212010919,0.0186533212010919,measured_directed
24,1,0.01386926929497881,0.01386926929497881,measured_directed
24,2,0.02003338898163606,0.02003338898163606,measured_directed
24,3,0.08604083729292411,0.08604083729292411,measured_directed
24,4,0.06369590342879157,0.06369590342879157,measured_directed
24,5,0.0007705149608321562,0.0007705149608321562,measured_directed
24,6,0.003724155644022088,0.003724155644022088,measured_directed
24,7,0.025170155387183767,0.025170155387183767,measured_directed
24,8,0.0003852574804160781,0.0003852574804160781,measured_directed
24,9,0.006292538846795942,0.006292538846795942,measured_directed
24,10,0.0020547065622190832,0.0020547065622190832,measured_directed
24,11,0.0702452805958649,0.0702452805958649,measured_directed
24,12,0.028894311031205856,0.028894311031205856,measured_directed
24,13,0.08180300500834725,0.08180300500834725,measured_directed
24,14,0.21137793758828816,0.21137793758828816,measured_directed
24,15,0.1281623218184153,0.1281623218184153,measured_directed
24,16,0.25093103891100554,0.25093103891100554,measured_directed
24,17,0.2777706433799923,0.2777706433799923,measured_directed
24,18,0.5284448439707204,0.5284448439707204,measured_directed
24,19,0.1806857583151406,0.1806857583151406,measured_directed
24,20,0.38911005522023884,0.38911005522023884,measured_directed
24,21,0.40195197123410814,0.40195197123410814,measured_directed
24,22,0.6178245794272506,0.6178245794272506,measured_directed
24,23,0.6128162321818416,0.6128162321818416,measured_directed
24,24,0.0,1.0,co_located_assumption
24,25,0.5936817773211763,0.5936817773211763,measured_directed
24,26,0.6305380762809811,0.6305380762809811,measured_directed
24,27,0.370232438679851,0.370232438679851,measured_directed
24,28,0.2635161166045974,0.2635161166045974,measured_directed
24,29,0.1404905611917298,0.1404905611917298,measured_directed
24,30,0.14138949531270065,0.14138949531270065,measured_directed
24,31,0.2768147345612134,0.2768147345612134,measured_directed
24,32,0.07461153204058045,0.07461153204058045,measured_directed
24,33,0.08578399897264671,0.08578399897264671,measured_directed
24,34,0.03762681392063696,0.03762681392063696,measured_directed
24,35,0.062411711827404646,0.062411711827404646,measured_directed
24,36,0.07127263387697444,0.07127263387697444,measured_directed
24,37,0.09040708873763965,0.09040708873763965,measured_directed
24,38,0.06575060999101066,0.06575060999101066,measured_directed
24,39,0.0041094131244381665,0.0041094131244381665,measured_directed
24,40,0.029407987671760626,0.029407987671760626,measured_directed
24,41,0.003980993964299473,0.003980993964299473,measured_directed
24,42,0.0020547065622190832,0.0020547065622190832,measured_directed
24,43,0.003980993964299473,0.003980993964299473,measured_directed
24,44,0.0,0.0,measured_directed
24,45,0.0,0.0,measured_directed
24,46,0.0,0.0,measured_directed
24,47,0.0,0.0,measured_directed
24,48,0.0,0.0,measured_directed
24,49,0.0,0.0,measured_directed
24,50,0.0,0.0,measured_directed
24,51,0.0,0.0,measured_directed
24,52,0.0,0.0,measured_directed
24,53,0.0,0.0,measured_directed
24,54,0.0,0.0,measured_directed
25,1,0.032671629445823,0.032671629445823,measured_directed
25,2,0.015439757375241246,0.015439757375241246,measured_directed
25,3,0.1264130135097877,0.1264130135097877,measured_directed
25,4,0.07706093189964158,0.07706093189964158,measured_directed
25,5,0.0005514199062586159,0.0005514199062586159,measured_directed
25,6,0.013234077750206782,0.013234077750206782,measured_directed
25,7,0.05762338020402537,0.05762338020402537,measured_directed
25,8,0.0033085194375516956,0.0033085194375516956,measured_directed
25,9,0.025089605734767026,0.025089605734767026,measured_directed
25,10,0.016680452164323133,0.016680452164323133,measured_directed
25,11,0.01902398676592225,0.01902398676592225,measured_directed
25,12,0.005238489109456851,0.005238489109456851,measured_directed
25,13,0.04728425696167632,0.04728425696167632,measured_directed
25,14,0.07182244279018472,0.07182244279018472,measured_directed
25,15,0.145023435346016,0.145023435346016,measured_directed
25,16,0.20857457954232148,0.20857457954232148,measured_directed
25,17,0.20002757099531293,0.20002757099531293,measured_directed
25,18,0.5033085194375517,0.5033085194375517,measured_directed
25,19,0.13702784670526605,0.13702784670526605,measured_directed
25,20,0.39702233250620345,0.39702233250620345,measured_directed
25,21,0.39564378274055695,0.39564378274055695,measured_directed
25,22,0.48497380755445274,0.48497380755445274,measured_directed
25,23,0.4473393989523022,0.4473393989523022,measured_directed
25,24,0.7550317066446098,0.7550317066446098,measured_directed
25,25,0.0,1.0,co_located_assumption
25,26,0.7976288944030879,0.7976288944030879,measured_directed
25,27,0.3643507030603805,0.3643507030603805,measured_directed
25,28,0.5802315963606286,0.5802315963606286,measured_directed
25,29,0.23352633030052386,0.23352633030052386,measured_directed
25,30,0.2453818582850841,0.2453818582850841,measured_directed
25,31,0.32368125701459033,0.32368125701459033,measured_directed
25,32,0.16459884201819686,0.16459884201819686,measured_directed
25,33,0.09773917838433968,0.09773917838433968,measured_directed
25,34,0.09939343810311552,0.09939343810311552,measured_directed
25,35,0.10283981251723187,0.10283981251723187,measured_directed
25,36,0.1419906258615936,0.1419906258615936,measured_directed
25,37,0.06465398400882272,0.06465398400882272,measured_directed
25,38,0.033774469258340226,0.033774469258340226,measured_directed
25,39,0.01833471188309898,0.01833471188309898,measured_directed
25,40,0.04521643231320651,0.04521643231320651,measured_directed
25,41,0.0024813895781637717,0.0024813895781637717,measured_directed
25,42,0.005100634132892197,0.005100634132892197,measured_directed
25,43,0.006341328921974083,0.006341328921974083,measured_directed
25,44,0.00013785497656465398,0.00013785497656465398,measured_directed
25,45,0.00027570995312930797,0.00027570995312930797,measured_directed
25,46,0.0,0.0,measured_directed
25,47,0.0,0.0,measured_directed
25,48,0.00013785497656465398,0.00013785497656465398,measured_directed
25,49,0.0,0.0,measured_directed
25,50,0.0,0.0,measured_directed
25,51,0.0,0.0,measured_directed
25,52,0.0,0.0,measured_directed
25,53,0.0,0.0,measured_directed
25,54,0.0009649848359525779,0.0009649848359525779,measured_directed
26,1,0.08975979772439949,0.08975979772439949,measured_directed
26,2,0.05885658098047478,0.05885658098047478,measured_directed
26,3,0.14679027953364238,0.14679027953364238,measured_directed
26,4,0.07683663435875825,0.07683663435875825,measured_directed
26,5,0.0008428150021070375,0.0008428150021070375,measured_directed
26,6,0.0539401601348504,0.0539401601348504,measured_directed
26,7,0.05731142014327855,0.05731142014327855,measured_directed
26,8,0.04495013344570867,0.04495013344570867,measured_directed
26,9,0.07753898019384745,0.07753898019384745,measured_directed
26,10,0.03076274757690687,0.03076274757690687,measured_directed
26,11,0.03581963758954909,0.03581963758954909,measured_directed
26,12,0.0404551201011378,0.0404551201011378,measured_directed
26,13,0.05000702345835089,0.05000702345835089,measured_directed
26,14,0.12726506531816267,0.12726506531816267,measured_directed
26,15,0.06026127265065318,0.06026127265065318,measured_directed
26,16,0.1748841129372103,0.1748841129372103,measured_directed
26,17,0.16294423374069392,0.16294423374069392,measured_directed
26,18,0.30186823992133727,0.30186823992133727,measured_directed
26,19,0.18865009130495855,0.18865009130495855,measured_directed
26,20,0.2640820339935384,0.2640820339935384,measured_directed
26,21,0.41241747436437703,0.41241747436437703,measured_directed
26,22,0.2025565388397247,0.2025565388397247,measured_directed
26,23,0.41157465936227,0.41157465936227,measured_directed
26,24,0.6478437982862761,0.6478437982862761,measured_directed
26,25,0.6993959825818233,0.6993959825818233,measured_directed
26,26,0.0,1.0,co_located_assumption
26,27,0.32940019665683384,0.32940019665683384,measured_directed
26,28,0.5585054080629301,0.5585054080629301,measured_directed
26,29,0.3690125017558646,0.3690125017558646,measured_directed
26,30,0.27840988902935804,0.27840988902935804,measured_directed
26,31,0.35464387464387465,0.35464387464387465,measured_directed
26,32,0.21000140469167017,0.21000140469167017,measured_directed
26,33,0.11658940862480685,0.11658940862480685,measured_directed
26,34,0.08638853771597134,0.08638853771597134,measured_directed
26,35,0.07908414103104369,0.07908414103104369,measured_directed
26,36,0.16912487708947885,0.16912487708947885,measured_directed
26,37,0.15915156623121224,0.15915156623121224,measured_directed
26,38,0.06616097766540244,0.06616097766540244,measured_directed
26,39,0.045512010113780026,0.045512010113780026,measured_directed
26,40,0.04129793510324484,0.04129793510324484,measured_directed
26,41,0.014749262536873156,0.014749262536873156,measured_directed
26,42,0.01685630004214075,0.01685630004214075,measured_directed
26,43,0.009551903357213091,0.009551903357213091,measured_directed
26,44,0.0008428150021070375,0.0008428150021070375,measured_directed
26,45,0.014749262536873156,0.014749262536873156,measured_directed
26,46,0.0015451608371962354,0.0015451608371962354,measured_directed
26,47,0.004214075010535188,0.004214075010535188,measured_directed
26,48,0.006321112515802781,0.006321112515802781,measured_directed
26,49,0.0007023458350891979,0.0007023458350891979,measured_directed
26,50,0.0,0.0,measured_directed
26,51,0.0,0.0,measured_directed
26,52,0.01685630004214075,0.01685630004214075,measured_directed
26,53,0.032588846748138785,0.032588846748138785,measured_directed
26,54,0.04354544177553027,0.04354544177553027,measured_directed
27,1,0.06526379993900579,0.06526379993900579,measured_directed
27,2,0.12839280268374503,0.12839280268374503,measured_directed
27,3,0.13937175968283014,0.13937175968283014,measured_directed
27,4,0.10186032326928941,0.10186032326928941,measured_directed
27,5,0.001219884111009454,0.001219884111009454,measured_directed
27,6,0.0359865812747789,0.0359865812747789,measured_directed
27,7,0.03324184202500762,0.03324184202500762,measured_directed
27,8,0.036596523330283626,0.036596523330283626,measured_directed
27,9,0.03446172613601708,0.03446172613601708,measured_directed
27,10,0.06038426349496798,0.06038426349496798,measured_directed
27,11,0.09911558401951814,0.09911558401951814,measured_directed
27,12,0.03385178408051235,0.03385178408051235,measured_directed
27,13,0.05275998780115889,0.05275998780115889,measured_directed
27,14,0.0878316559926807,0.0878316559926807,measured_directed
27,15,0.04818542238487344,0.04818542238487344,measured_directed
27,16,0.05611466910643489,0.05611466910643489,measured_directed
27,17,0.13754193351631594,0.13754193351631594,measured_directed
27,18,0.2799634034766697,0.2799634034766697,measured_directed
27,19,0.1704788045135712,0.1704788045135712,measured_directed
27,20,0.17962793534614213,0.17962793534614213,measured_directed
27,21,0.1872522110399512,0.1872522110399512,measured_directed
27,22,0.23269289417505337,0.23269289417505337,measured_directed
27,23,0.471485208905154,0.471485208905154,measured_directed
27,24,0.616651418115279,0.616651418115279,measured_directed
27,25,0.3504117108874657,0.3504117108874657,measured_directed
27,26,0.6514181152790485,0.6514181152790485,measured_directed
27,27,0.0,1.0,co_located_assumption
27,28,0.4354986276303751,0.4354986276303751,measured_directed
27,29,0.38609332113449224,0.38609332113449224,measured_directed
27,30,0.3110704483074108,0.3110704483074108,measured_directed
27,31,0.3019062339000515,0.3019062339000515,measured_directed
27,32,0.10308020738029887,0.10308020738029887,measured_directed
27,33,0.17169868862458065,0.17169868862458065,measured_directed
27,34,0.17840805123513265,0.17840805123513265,measured_directed
27,35,0.16864897834705703,0.16864897834705703,measured_directed
27,36,0.1781030802073803,0.1781030802073803,measured_directed
27,37,0.11924367185117414,0.11924367185117414,measured_directed
27,38,0.17383348581884722,0.17383348581884722,measured_directed
27,39,0.021347971942665446,0.021347971942665446,measured_directed
27,40,0.08508691674290943,0.08508691674290943,measured_directed
27,41,0.029277218664226896,0.029277218664226896,measured_directed
27,42,0.034156755108264714,0.034156755108264714,measured_directed
27,43,0.033546813052759986,0.033546813052759986,measured_directed
27,44,0.01372369624885636,0.01372369624885636,measured_directed
27,45,0.0021347971942665446,0.0021347971942665446,measured_directed
27,46,0.020433058859408357,0.020433058859408357,measured_directed
27,47,0.009149130832570906,0.009149130832570906,measured_directed
27,48,0.023787740164684355,0.023787740164684355,measured_directed
27,49,0.0,0.0,measured_directed
27,50,0.0,0.0,measured_directed
27,51,0.0036596523330283625,0.0036596523330283625,measured_directed
27,52,0.0003049710277523635,0.0003049710277523635,measured_directed
27,53,0.0,0.0,measured_directed
27,54,0.014333638304361086,0.014333638304361086,measured_directed
28,1,0.17600844277673547,0.17600844277673547,measured_directed
28,2,0.05804409005628518,0.05804409005628518,measured_directed
28,3,0.12640712945590993,0.12640712945590993,measured_directed
28,4,0.06308630393996248,0.06308630393996248,measured_directed
28,5,0.0011726078799249532,0.0011726078799249532,measured_directed
28,6,0.06894934333958724,0.06894934333958724,measured_directed
28,7,0.05968574108818011,0.05968574108818011,measured_directed
28,8,0.03599906191369606,0.03599906191369606,measured_directed
28,9,0.02204502814258912,0.02204502814258912,measured_directed
28,10,0.09545028142589118,0.09545028142589118,measured_directed
28,11,0.08477954971857411,0.08477954971857411,measured_directed
28,12,0.00375234521575985,0.00375234521575985,measured_directed
28,13,0.05628517823639775,0.05628517823639775,measured_directed
28,14,0.08008911819887429,0.08008911819887429,measured_directed
28,15,0.043151969981238276,0.043151969981238276,measured_directed
28,16,0.06414165103189494,0.06414165103189494,measured_directed
28,17,0.1201923076923077,0.1201923076923077,measured_directed
28,18,0.2319418386491557,0.2319418386491557,measured_directed
28,19,0.09674015009380862,0.09674015009380862,measured_directed
28,20,0.06578330206378986,0.06578330206378986,measured_directed
28,21,0.10600375234521577,0.10600375234521577,measured_directed
28,22,0.22584427767354598,0.22584427767354598,measured_directed
28,23,0.3106238273921201,0.3106238273921201,measured_directed
28,24,0.3681988742964353,0.3681988742964353,measured_directed
28,25,0.5830206378986866,0.5830206378986866,measured_directed
28,26,0.7429643527204502,0.7429643527204502,measured_directed
28,27,0.3106238273921201,0.3106238273921201,measured_directed
28,28,0.0,1.0,co_located_assumption
28,29,0.3725375234521576,0.3725375234521576,measured_directed
28,30,0.5186444652908068,0.5186444652908068,measured_directed
28,31,0.648677046518292,0.648677046518292,measured_directed
28,32,0.24964821763602252,0.24964821763602252,measured_directed
28,33,0.1049484052532833,0.1049484052532833,measured_directed
28,34,0.1950046904315197,0.1950046904315197,measured_directed
28,35,0.1750703564727955,0.1750703564727955,measured_directed
28,36,0.1622889305816135,0.1622889305816135,measured_directed
28,37,0.17190431519699811,0.17190431519699811,measured_directed
28,38,0.08196529080675422,0.08196529080675422,measured_directed
28,39,0.04842870544090056,0.04842870544090056,measured_directed
28,40,0.08958724202626642,0.08958724202626642,measured_directed
28,41,0.021106941838649158,0.021106941838649158,measured_directed
28,42,0.012429643527204503,0.012429643527204503,measured_directed
28,43,0.024859287054409006,0.024859287054409006,measured_directed
28,44,0.007621951219512195,0.007621951219512195,measured_directed
28,45,0.013367729831144466,0.013367729831144466,measured_directed
28,46,0.006566604127579737,0.006566604127579737,measured_directed
28,47,0.0016416510318949342,0.0016416510318949342,measured_directed
28,48,0.004807692307692308,0.004807692307692308,measured_directed
28,49,0.00011726078799249531,0.00011726078799249531,measured_directed
28,50,0.0,0.0,measured_directed
28,51,0.0,0.0,measured_directed
28,52,0.00011726078799249531,0.00011726078799249531,measured_directed
28,53,0.020403377110694183,0.020403377110694183,measured_directed
28,54,0.03576454033771107,0.03576454033771107,measured_directed
29,1,0.08121990369181381,0.08121990369181381,measured_directed
29,2,0.09695024077046549,0.09695024077046549,measured_directed
29,3,0.2364365971107544,0.2364365971107544,measured_directed
29,4,0.07495987158908507,0.07495987158908507,measured_directed
29,5,0.0006420545746388443,0.0006420545746388443,measured_directed
29,6,0.07303370786516854,0.07303370786516854,measured_directed
29,7,0.05762439807383628,0.05762439807383628,measured_directed
29,8,0.04044943820224719,0.04044943820224719,measured_directed
29,9,0.058426966292134834,0.058426966292134834,measured_directed
29,10,0.09438202247191012,0.09438202247191012,measured_directed
29,11,0.060834670947030496,0.060834670947030496,measured_directed
29,12,0.0492776886035313,0.0492776886035313,measured_directed
29,13,0.09598715890850722,0.09598715890850722,measured_directed
29,14,0.04670947030497592,0.04670947030497592,measured_directed
29,15,0.009630818619582664,0.009630818619582664,measured_directed
29,16,0.04221508828250401,0.04221508828250401,measured_directed
29,17,0.08956661316211878,0.08956661316211878,measured_directed
29,18,0.11027287319422151,0.11027287319422151,measured_directed
29,19,0.04253611556982344,0.04253611556982344,measured_directed
29,20,0.029534510433386837,0.029534510433386837,measured_directed
29,21,0.16613162118780095,0.16613162118780095,measured_directed
29,22,0.19823434991974317,0.19823434991974317,measured_directed
29,23,0.2879614767255217,0.2879614767255217,measured_directed
29,24,0.18314606741573033,0.18314606741573033,measured_directed
29,25,0.1707865168539326,0.1707865168539326,measured_directed
29,26,0.6719101123595506,0.6719101123595506,measured_directed
29,27,0.365008025682183,0.365008025682183,measured_directed
29,28,0.385553772070626,0.385553772070626,measured_directed
29,29,0.0,1.0,co_located_assumption
29,30,0.5195826645264847,0.5195826645264847,measured_directed
29,31,0.5820465846637006,0.5820465846637006,measured_directed
29,32,0.5057784911717496,0.5057784911717496,measured_directed
29,33,0.17383627608346708,0.17383627608346708,measured_directed
29,34,0.18731942215088282,0.18731942215088282,measured_directed
29,35,0.15553772070626004,0.15553772070626004,measured_directed
29,36,0.1898876404494382,0.1898876404494382,measured_directed
29,37,0.2682182985553772,0.2682182985553772,measured_directed
29,38,0.12231139646869985,0.12231139646869985,measured_directed
29,39,0.018940609951845908,0.018940609951845908,measured_directed
29,40,0.0841091492776886,0.0841091492776886,measured_directed
29,41,0.03434991974317817,0.03434991974317817,measured_directed
29,42,0.0077046548956661316,0.0077046548956661316,measured_directed
29,43,0.04462279293739968,0.04462279293739968,measured_directed
29,44,0.0038523274478330658,0.0038523274478330658,measured_directed
29,45,0.027608346709470304,0.027608346709470304,measured_directed
29,46,0.0038523274478330658,0.0038523274478330658,measured_directed
29,47,0.01059390048154093,0.01059390048154093,measured_directed
29,48,0.004815409309791332,0.004815409309791332,measured_directed
29,49,0.005457463884430177,0.005457463884430177,measured_directed
29,50,0.0,0.0,measured_directed
29,51,0.0,0.0,measured_directed
29,52,0.018780096308186195,0.018780096308186195,measured_directed
29,53,0.03579454253611557,0.03579454253611557,measured_directed
29,54,0.02712680577849117,0.02712680577849117,measured_directed
30,1,0.25165260998404376,0.25165260998404376,measured_directed
30,2,0.13015728288124004,0.13015728288124004,measured_directed
30,3,0.24458627763847732,0.24458627763847732,measured_directed
30,4,0.18805561887394576,0.18805561887394576,measured_directed
30,5,0.0018235696375655346,0.0018235696375655346,measured_directed
30,6,0.0667882379758377,0.0667882379758377,measured_directed
30,7,0.05265557328470481,0.05265557328470481,measured_directed
30,8,0.04513334852974698,0.04513334852974698,measured_directed
30,9,0.053795304308183266,0.053795304308183266,measured_directed
30,10,0.055846820150444496,0.055846820150444496,measured_directed
30,11,0.0866195577843629,0.0866195577843629,measured_directed
30,12,0.03761112377478915,0.03761112377478915,measured_directed
30,13,0.102803738317757,0.102803738317757,measured_directed
30,14,0.03647139275131069,0.03647139275131069,measured_directed
30,15,0.023250512878960565,0.023250512878960565,measured_directed
30,16,0.04992021882835651,0.04992021882835651,measured_directed
30,17,0.09550945976749486,0.09550945976749486,measured_directed
30,18,0.16480510599498518,0.16480510599498518,measured_directed
30,19,0.06154547526783679,0.06154547526783679,measured_directed
30,20,0.08502393435149305,0.08502393435149305,measured_directed
30,21,0.039434693412354685,0.039434693412354685,measured_directed
30,22,0.11648051059949852,0.11648051059949852,measured_directed
30,23,0.15158422612263506,0.15158422612263506,measured_directed
30,24,0.1971734670617734,0.1971734670617734,measured_directed
30,25,0.19147481194438112,0.19147481194438112,measured_directed
30,26,0.5571005242762708,0.5571005242762708,measured_directed
30,27,0.2427627080009118,0.2427627080009118,measured_directed
30,28,0.5201732391155687,0.5201732391155687,measured_directed
30,29,0.5103715523136539,0.5103715523136539,measured_directed
30,30,0.0,1.0,co_located_assumption
30,31,0.5788438851749902,0.5788438851749902,measured_directed
30,32,0.4583998176430362,0.4583998176430362,measured_directed
30,33,0.2505128789605653,0.2505128789605653,measured_directed
30,34,0.2783223159334397,0.2783223159334397,measured_directed
30,35,0.2801458855710052,0.2801458855710052,measured_directed
30,36,0.3004330977889218,0.3004330977889218,measured_directed
30,37,0.1502165488944609,0.1502165488944609,measured_directed
30,38,0.16845224527011626,0.16845224527011626,measured_directed
30,39,0.030544791429222704,0.030544791429222704,measured_directed
30,40,0.06336904490540232,0.06336904490540232,measured_directed
30,41,0.030316845224527014,0.030316845224527014,measured_directed
30,42,0.030772737633918395,0.030772737633918395,measured_directed
30,43,0.03419193070435377,0.03419193070435377,measured_directed
30,44,0.01891953498974242,0.01891953498974242,measured_directed
30,45,0.02530202872122179,0.02530202872122179,measured_directed
30,46,0.018691588785046728,0.018691588785046728,measured_directed
30,47,0.009573740597219056,0.009573740597219056,measured_directed
30,48,0.03236836106678824,0.03236836106678824,measured_directed
30,49,0.0,0.0,measured_directed
30,50,0.0,0.0,measured_directed
30,51,0.003419193070435377,0.003419193070435377,measured_directed
30,52,0.0022794620469569183,0.0022794620469569183,measured_directed
30,53,0.03259630727148393,0.03259630727148393,measured_directed
30,54,0.02644175974470025,0.02644175974470025,measured_directed
31,1,0.3277791291656531,0.3277791291656531,measured_directed
31,2,0.12989540257844806,0.12989540257844806,measured_directed
31,3,0.11298954025784481,0.11298954025784481,measured_directed
31,4,0.16066650450012163,0.16066650450012163,measured_directed
31,5,0.0009729992702505473,0.0009729992702505473,measured_directed
31,6,0.12721965458525905,0.12721965458525905,measured_directed
31,7,0.056555582583313065,0.056555582583313065,measured_directed
31,8,0.049014838238871324,0.049014838238871324,measured_directed
31,9,0.1294089029433228,0.1294089029433228,measured_directed
31,10,0.09657017757236683,0.09657017757236683,measured_directed
31,11,0.05181221114084164,0.05181221114084164,measured_directed
31,12,0.03441984918511311,0.03441984918511311,measured_directed
31,13,0.04804183896862078,0.04804183896862078,measured_directed
31,14,0.04463634152274386,0.04463634152274386,measured_directed
31,15,0.01532473850644612,0.01532473850644612,measured_directed
31,16,0.017027487229384578,0.017027487229384578,measured_directed
31,17,0.03685234736073948,0.03685234736073948,measured_directed
31,18,0.06677207492094381,0.06677207492094381,measured_directed
31,19,0.03527122354658234,0.03527122354658234,measured_directed
31,20,0.046339090245682314,0.046339090245682314,measured_directed
31,21,0.11444903916322063,0.11444903916322063,measured_directed
31,22,0.05132571150571637,0.05132571150571637,measured_directed
31,23,0.1961809778642666,0.1961809778642666,measured_directed
31,24,0.18085623935782047,0.18085623935782047,measured_directed
31,25,0.1122597908051569,0.1122597908051569,measured_directed
31,26,0.344928241303819,0.344928241303819,measured_directed
31,27,0.11663828752128436,0.11663828752128436,measured_directed
31,28,0.4044028216978837,0.4044028216978837,measured_directed
31,29,0.2622233033325225,0.2622233033325225,measured_directed
31,30,0.26015567988324007,0.26015567988324007,measured_directed
31,31,0.0,1.0,co_located_assumption
31,32,0.5597178302116274,0.5597178302116274,measured_directed
31,33,0.16589637557771833,0.16589637557771833,measured_directed
31,34,0.27025054731208953,0.27025054731208953,measured_directed
31,35,0.4592556555582583,0.4592556555582583,measured_directed
31,36,0.2667234249574313,0.2667234249574313,measured_directed
31,37,0.2827779129165653,0.2827779129165653,measured_directed
31,38,0.1843833617124787,0.1843833617124787,measured_directed
31,39,0.07285332036000973,0.07285332036000973,measured_directed
31,40,0.13828752128435903,0.13828752128435903,measured_directed
31,41,0.037460471904646075,0.037460471904646075,measured_directed
31,42,0.03125760155679883,0.03125760155679883,measured_directed
31,43,0.032108975918268064,0.032108975918268064,measured_directed
31,44,0.01836536122597908,0.01836536122597908,measured_directed
31,45,0.004621746533690099,0.004621746533690099,measured_directed
31,46,0.02079785940160545,0.02079785940160545,measured_directed
31,47,0.015932863050352714,0.015932863050352714,measured_directed
31,48,0.040379469715397714,0.040379469715397714,measured_directed
31,49,0.009000243249817562,0.009000243249817562,measured_directed
31,50,0.0,0.0,measured_directed
31,51,0.002067623449282413,0.002067623449282413,measured_directed
31,52,0.015811238141571395,0.015811238141571395,measured_directed
31,53,0.028825103381172463,0.028825103381172463,measured_directed
31,54,0.047798589151058134,0.047798589151058134,measured_directed
32,1,0.13498162378884063,0.13498162378884063,measured_directed
32,2,0.1376545272302038,0.1376545272302038,measured_directed
32,3,0.4009355162044771,0.4009355162044771,measured_directed
32,4,0.17273638489809556,0.17273638489809556,measured_directed
32,5,0.0010023387905111927,0.0010023387905111927,measured_directed
32,6,0.1800868693618443,0.1800868693618443,measured_directed
32,7,0.11693952555963916,0.11693952555963916,measured_directed
32,8,0.05111927831607083,0.05111927831607083,measured_directed
32,9,0.15870364183093885,0.15870364183093885,measured_directed
32,10,0.14901436685599734,0.14901436685599734,measured_directed
32,11,0.1506849315068493,0.1506849315068493,measured_directed
32,12,0.0410958904109589,0.0410958904109589,measured_directed
32,13,0.07617774807885065,0.07617774807885065,measured_directed
32,14,0.035415970598062146,0.035415970598062146,measured_directed
32,15,0.001670564650851988,0.001670564650851988,measured_directed
32,16,0.004009355162044771,0.004009355162044771,measured_directed
32,17,0.028733711994654194,0.028733711994654194,measured_directed
32,18,0.07383895756765786,0.07383895756765786,measured_directed
32,19,0.03441363180755095,0.03441363180755095,measured_directed
32,20,0.055128633478115606,0.055128633478115606,measured_directed
32,21,0.04376879385232209,0.04376879385232209,measured_directed
32,22,0.1232876712328767,0.1232876712328767,measured_directed
32,23,0.1540260608085533,0.1540260608085533,measured_directed
32,24,0.08085532910123622,0.08085532910123622,measured_directed
32,25,0.09989976612094888,0.09989976612094888,measured_directed
32,26,0.4610758436351487,0.4610758436351487,measured_directed
32,27,0.08052121617106582,0.08052121617106582,measured_directed
32,28,0.2930170397594387,0.2930170397594387,measured_directed
32,29,0.494153023722018,0.494153023722018,measured_directed
32,30,0.4717674574006014,0.4717674574006014,measured_directed
32,31,0.7325708061002179,0.7325708061002179,measured_directed
32,32,0.0,1.0,co_located_assumption
32,33,0.2602739726027397,0.2602739726027397,measured_directed
32,34,0.6495155362512529,0.6495155362512529,measured_directed
32,35,0.35482793184096223,0.35482793184096223,measured_directed
32,36,0.28265953892415635,0.28265953892415635,measured_directed
32,37,0.3334447043100568,0.3334447043100568,measured_directed
32,38,0.08118944203140661,0.08118944203140661,measured_directed
32,39,0.04443701971266288,0.04443701971266288,measured_directed
32,40,0.049448713665218844,0.049448713665218844,measured_directed
32,41,0.05679919812896759,0.05679919812896759,measured_directed
32,42,0.02505846976277982,0.02505846976277982,measured_directed
32,43,0.03942532576010692,0.03942532576010692,measured_directed
32,44,0.01971266288005346,0.01971266288005346,measured_directed
32,45,0.023053792181757436,0.023053792181757436,measured_directed
32,46,0.021383227530905446,0.021383227530905446,measured_directed
32,47,0.0003341129301703976,0.0003341129301703976,measured_directed
32,48,0.01670564650851988,0.01670564650851988,measured_directed
32,49,0.0,0.0,measured_directed
32,50,0.0,0.0,measured_directed
32,51,0.0023387905111927833,0.0023387905111927833,measured_directed
32,52,0.028065486134313398,0.028065486134313398,measured_directed
32,53,0.03441363180755095,0.03441363180755095,measured_directed
32,54,0.05846976277981958,0.05846976277981958,measured_directed
33,1,0.5772679324894515,0.5772679324894515,measured_directed
33,2,0.48813291139240506,0.48813291139240506,measured_directed
33,3,0.6843354430379747,0.6843354430379747,measured_directed
33,4,0.4567510548523207,0.4567510548523207,measured_directed
33,5,0.0018459915611814346,0.0018459915611814346,measured_directed
33,6,0.24841772151898733,0.24841772151898733,measured_directed
33,7,0.2521097046413502,0.2521097046413502,measured_directed
33,8,0.11577004219409283,0.11577004219409283,measured_directed
33,9,0.15137130801687765,0.15137130801687765,measured_directed
33,10,0.18644514767932488,0.18644514767932488,measured_directed
33,11,0.17695147679324896,0.17695147679324896,measured_directed
33,12,0.07937763713080169,0.07937763713080169,measured_directed
33,13,0.0936181434599156,0.0936181434599156,measured_directed
33,14,0.08834388185654009,0.08834388185654009,measured_directed
33,15,0.0015822784810126582,0.0015822784810126582,measured_directed
33,16,0.010548523206751054,0.010548523206751054,measured_directed
33,17,0.036128691983122366,0.036128691983122366,measured_directed
33,18,0.038765822784810125,0.038765822784810125,measured_directed
33,19,0.0013185654008438818,0.0013185654008438818,measured_directed
33,20,0.03401898734177215,0.03401898734177215,measured_directed
33,21,0.012394514767932489,0.012394514767932489,measured_directed
33,22,0.05907172995780591,0.05907172995780591,measured_directed
33,23,0.046413502109704644,0.046413502109704644,measured_directed
33,24,0.07990506329113924,0.07990506329113924,measured_directed
33,25,0.04931434599156118,0.04931434599156118,measured_directed
33,26,0.20806962025316456,0.20806962025316456,measured_directed
33,27,0.1640295358649789,0.1640295358649789,measured_directed
33,28,0.09335443037974683,0.09335443037974683,measured_directed
33,29,0.18064345991561181,0.18064345991561181,measured_directed
33,30,0.23285864978902954,0.23285864978902954,measured_directed
33,31,0.426612721959991,0.426612721959991,measured_directed
33,32,0.2022679324894515,0.2022679324894515,measured_directed
33,33,0.0,1.0,co_located_assumption
33,34,0.15427215189873417,0.15427215189873417,measured_directed
33,35,0.21255274261603377,0.21255274261603377,measured_directed
33,36,0.6162974683544303,0.6162974683544303,measured_directed
33,37,0.18644514767932488,0.18644514767932488,measured_directed
33,38,0.08623417721518987,0.08623417721518987,measured_directed
33,39,0.13792194092827004,0.13792194092827004,measured_directed
33,40,0.06935654008438819,0.06935654008438819,measured_directed
33,41,0.03982067510548523,0.03982067510548523,measured_directed
33,42,0.025580168776371308,0.025580168776371308,measured_directed
33,43,0.03823839662447257,0.03823839662447257,measured_directed
33,44,0.021624472573839662,0.021624472573839662,measured_directed
33,45,0.03481012658227848,0.03481012658227848,measured_directed
33,46,0.02610759493670886,0.02610759493670886,measured_directed
33,47,0.006329113924050633,0.006329113924050633,measured_directed
33,48,0.034282700421940926,0.034282700421940926,measured_directed
33,49,0.012921940928270042,0.012921940928270042,measured_directed
33,50,0.010548523206751054,0.010548523206751054,measured_directed
33,51,0.013976793248945149,0.013976793248945149,measured_directed
33,52,0.03665611814345992,0.03665611814345992,measured_directed
33,53,0.05590717299578059,0.05590717299578059,measured_directed
33,54,0.06856540084388185,0.06856540084388185,measured_directed
34,1,0.27199632437399496,0.27199632437399496,measured_directed
34,2,0.461750516884907,0.461750516884907,measured_directed
34,3,0.578451642545371,0.578451642545371,measured_directed
34,4,0.44314266023432114,0.44314266023432114,measured_directed
34,5,0.0013783597518952446,0.0013783597518952446,measured_directed
34,6,0.18447048012864692,0.18447048012864692,measured_directed
34,7,0.2894555478980014,0.2894555478980014,measured_directed
34,8,0.15414656558695153,0.15414656558695153,measured_directed
34,9,0.226280725936136,0.226280725936136,measured_directed
34,10,0.22214564668045025,0.22214564668045025,measured_directed
34,11,0.1153227659085688,0.1153227659085688,measured_directed
34,12,0.04158051918217322,0.04158051918217322,measured_directed
34,13,0.06271536871123363,0.06271536871123363,measured_directed
34,14,0.06960716747070986,0.06960716747070986,measured_directed
34,15,0.002526992878474615,0.002526992878474615,measured_directed
34,16,0.011026878015161957,0.011026878015161957,measured_directed
34,17,0.04249942568343671,0.04249942568343671,measured_directed
34,18,0.04410751206064783,0.04410751206064783,measured_directed
34,19,0.03009418791637951,0.03009418791637951,measured_directed
34,20,0.034229267172065245,0.034229267172065245,measured_directed
34,21,0.018148403399954056,0.018148403399954056,measured_directed
34,22,0.04066161268090972,0.04066161268090972,measured_directed
34,23,0.08568803124282104,0.08568803124282104,measured_directed
34,24,0.027567195037904894,0.027567195037904894,measured_directed
34,25,0.0452561451872272,0.0452561451872272,measured_directed
34,26,0.13347116930852285,0.13347116930852285,measured_directed
34,27,0.11739030553641167,0.11739030553641167,measured_directed
34,28,0.1509303928325293,0.1509303928325293,measured_directed
34,29,0.14403859407305308,0.14403859407305308,measured_directed
34,30,0.23822651045256146,0.23822651045256146,measured_directed
34,31,0.4843445957898461,0.4843445957898461,measured_directed
34,32,0.5203308063404548,0.5203308063404548,measured_directed
34,33,0.1330117160578911,0.1330117160578911,measured_directed
34,34,0.0,1.0,co_located_assumption
34,35,0.6106133700895934,0.6106133700895934,measured_directed
34,36,0.40156214105214794,0.40156214105214794,measured_directed
34,37,0.2706179646220997,0.2706179646220997,measured_directed
34,38,0.10337698139214335,0.10337698139214335,measured_directed
34,39,0.11578221915920055,0.11578221915920055,measured_directed
34,40,0.13875488169078795,0.13875488169078795,measured_directed
34,41,0.05260739719733517,0.05260739719733517,measured_directed
34,42,0.0257293820353779,0.0257293820353779,measured_directed
34,43,0.03560762692396049,0.03560762692396049,measured_directed
34,44,0.02963473466574776,0.02963473466574776,measured_directed
34,45,0.038823799678382724,0.038823799678382724,measured_directed
34,46,0.025499655410062026,0.025499655410062026,measured_directed
34,47,0.018607856650585803,0.018607856650585803,measured_directed
34,48,0.0257293820353779,0.0257293820353779,measured_directed
34,49,0.017229496898690556,0.017229496898690556,measured_directed
34,50,0.0,0.0,measured_directed
34,51,0.018607856650585803,0.018607856650585803,measured_directed
34,52,0.04663450493912245,0.04663450493912245,measured_directed
34,53,0.03308063404548587,0.03308063404548587,measured_directed
34,54,0.06593154146565587,0.06593154146565587,measured_directed
35,1,0.30187256503707427,0.30187256503707427,measured_directed
35,2,0.3521427673746387,0.3521427673746387,measured_directed
35,3,0.3356792761090863,0.3356792761090863,measured_directed
35,4,0.22634158602488375,0.22634158602488375,measured_directed
35,5,0.0012567550584391101,0.0012567550584391101,measured_directed
35,6,0.1630011310795526,0.1630011310795526,measured_directed
35,7,0.24871182606509992,0.24871182606509992,measured_directed
35,8,0.18398894055548573,0.18398894055548573,measured_directed
35,9,0.15206736207113233,0.15206736207113233,measured_directed
35,10,0.1220309161744376,0.1220309161744376,measured_directed
35,11,0.12140253864521805,0.12140253864521805,measured_directed
35,12,0.043483725021993214,0.043483725021993214,measured_directed
35,13,0.08960663566670855,0.08960663566670855,measured_directed
35,14,0.056051275606384315,0.056051275606384315,measured_directed
35,15,0.007791881362322483,0.007791881362322483,measured_directed
35,16,0.0017594570818147543,0.0017594570818147543,measured_directed
35,17,0.022370240040216163,0.022370240040216163,measured_directed
35,18,0.023878346110343094,0.023878346110343094,measured_directed
35,19,0.011562146537639813,0.011562146537639813,measured_directed
35,20,0.025260776674626114,0.025260776674626114,measured_directed
35,21,0.01847429935905492,0.01847429935905492,measured_directed
35,22,0.04247832097524192,0.04247832097524192,measured_directed
35,23,0.03342968455448033,0.03342968455448033,measured_directed
35,24,0.029031041849943446,0.029031041849943446,measured_directed
35,25,0.031418876460977754,0.031418876460977754,measured_directed
35,26,0.07276611788362448,0.07276611788362448,measured_directed
35,27,0.0981525700640945,0.0981525700640945,measured_directed
35,28,0.09274852331280634,0.09274852331280634,measured_directed
35,29,0.08596204599723514,0.08596204599723514,measured_directed
35,30,0.19077541787105692,0.19077541787105692,measured_directed
35,31,0.6049482047671729,0.6049482047671729,measured_directed
35,32,0.2313686062586402,0.2313686062586402,measured_directed
35,33,0.1516903355536006,0.1516903355536006,measured_directed
35,34,0.6028654015332412,0.6028654015332412,measured_directed
35,35,0.0,1.0,co_located_assumption
35,36,0.5529722257132085,0.5529722257132085,measured_directed
35,37,0.6154329521176323,0.6154329521176323,measured_directed
35,38,0.33216036194545684,0.33216036194545684,measured_directed
35,39,0.20233756440869674,0.20233756440869674,measured_directed
35,40,0.07477692597712705,0.07477692597712705,measured_directed
35,41,0.0627120774161116,0.0627120774161116,measured_directed
35,42,0.06924720371999497,0.06924720371999497,measured_directed
35,43,0.08156340329269825,0.08156340329269825,measured_directed
35,44,0.044489129068744505,0.044489129068744505,measured_directed
35,45,0.0399648108583637,0.0399648108583637,measured_directed
35,46,0.045620208621339704,0.045620208621339704,measured_directed
35,47,0.026140505215533492,0.026140505215533492,measured_directed
35,48,0.06032424280507729,0.06032424280507729,measured_directed
35,49,0.01834862385321101,0.01834862385321101,measured_directed
35,50,0.008420258891542038,0.008420258891542038,measured_directed
35,51,0.02086213397008923,0.02086213397008923,measured_directed
35,52,0.01721754430061581,0.01721754430061581,measured_directed
35,53,0.043986427045368856,0.043986427045368856,measured_directed
35,54,0.06145532235767249,0.06145532235767249,measured_directed
36,1,0.30447330447330445,0.30447330447330445,measured_directed
36,2,0.21881149153876428,0.21881149153876428,measured_directed
36,3,0.28964974419519873,0.28964974419519873,measured_directed
36,4,0.23429096156368884,0.23429096156368884,measured_directed
36,5,0.0019677292404565133,0.0019677292404565133,measured_directed
36,6,0.07306834579561852,0.07306834579561852,measured_directed
36,7,0.0695264331627968,0.0695264331627968,measured_directed
36,8,0.051948051948051945,0.051948051948051945,measured_directed
36,9,0.11019283746556474,0.11019283746556474,measured_directed
36,10,0.1313131313131313,0.1313131313131313,measured_directed
36,11,0.11373475009838646,0.11373475009838646,measured_directed
36,12,0.05168568804932441,0.05168568804932441,measured_directed
36,13,0.048012593467138924,0.048012593467138924,measured_directed
36,14,0.04604486422668241,0.04604486422668241,measured_directed
36,15,0.0,0.0,measured_directed
36,16,0.00695264331627968,0.00695264331627968,measured_directed
36,17,0.013118194936376755,0.013118194936376755,measured_directed
36,18,0.031746031746031744,0.031746031746031744,measured_directed
36,19,0.0027548209366391185,0.0027548209366391185,measured_directed
36,20,0.020726747999475274,0.020726747999475274,measured_directed
36,21,0.01823429096156369,0.01823429096156369,measured_directed
36,22,0.025055752328479602,0.025055752328479602,measured_directed
36,23,0.03410730683457956,0.03410730683457956,measured_directed
36,24,0.03712449166994621,0.03712449166994621,measured_directed
36,25,0.049062049062049064,0.049062049062049064,measured_directed
36,26,0.22576413485504396,0.22576413485504396,measured_directed
36,27,0.08054571690935328,0.08054571690935328,measured_directed
36,28,0.07647907647907648,0.07647907647907648,measured_directed
36,29,0.10087891906073725,0.10087891906073725,measured_directed
36,30,0.17329135510953694,0.17329135510953694,measured_directed
36,31,0.3808033385498174,0.3808033385498174,measured_directed
36,32,0.14692378328741965,0.14692378328741965,measured_directed
36,33,0.44837990292535745,0.44837990292535745,measured_directed
36,34,0.338580611307884,0.338580611307884,measured_directed
36,35,0.5072805981896891,0.5072805981896891,measured_directed
36,36,0.0,1.0,co_located_assumption
36,37,0.4065328610783156,0.4065328610783156,measured_directed
36,38,0.37281910009182734,0.37281910009182734,measured_directed
36,39,0.2828282828282828,0.2828282828282828,measured_directed
36,40,0.20267611176702086,0.20267611176702086,measured_directed
36,41,0.21526957890594253,0.21526957890594253,measured_directed
36,42,0.11124229306047488,0.11124229306047488,measured_directed
36,43,0.22130394857667585,0.22130394857667585,measured_directed
36,44,0.047356683720320085,0.047356683720320085,measured_directed
36,45,0.0747737111373475,0.0747737111373475,measured_directed
36,46,0.025974025974025972,0.025974025974025972,measured_directed
36,47,0.052079233897415714,0.052079233897415714,measured_directed
36,48,0.08684245047881411,0.08684245047881411,measured_directed
36,49,0.00852682670864489,0.00852682670864489,measured_directed
36,50,0.008264462809917356,0.008264462809917356,measured_directed
36,51,0.03620621802439984,0.03620621802439984,measured_directed
36,52,0.012593467138921684,0.012593467138921684,measured_directed
36,53,0.03200839564475928,0.03200839564475928,measured_directed
36,54,0.03764921946740129,0.03764921946740129,measured_directed
37,1,0.26366934438973827,0.26366934438973827,measured_directed
37,2,0.16895568800207308,0.16895568800207308,measured_directed
37,3,0.32223373931070226,0.32223373931070226,measured_directed
37,4,0.23270277273905157,0.23270277273905157,measured_directed
37,5,0.0014252396994039907,0.0014252396994039907,measured_directed
37,6,0.06828193832599119,0.06828193832599119,measured_directed
37,7,0.07955428867582275,0.07955428867582275,measured_directed
37,8,0.06711583311738792,0.06711583311738792,measured_directed
37,9,0.1277533039647577,0.1277533039647577,measured_directed
37,10,0.1368230111427831,0.1368230111427831,measured_directed
37,11,0.07786991448561803,0.07786991448561803,measured_directed
37,12,0.034076185540295414,0.034076185540295414,measured_directed
37,13,0.05986006737496761,0.05986006737496761,measured_directed
37,14,0.056361751749157814,0.056361751749157814,measured_directed
37,15,0.0,0.0,measured_directed
37,16,0.001295672454003628,0.001295672454003628,measured_directed
37,17,0.025654314589271834,0.025654314589271834,measured_directed
37,18,0.03200310961388961,0.03200310961388961,measured_directed
37,19,0.0111427831044312,0.0111427831044312,measured_directed
37,20,0.01684374190204716,0.01684374190204716,measured_directed
37,21,0.019435086810054417,0.019435086810054417,measured_directed
37,22,0.03368748380409432,0.03368748380409432,measured_directed
37,23,0.042368489245918635,0.042368489245918635,measured_directed
37,24,0.043534594454521895,0.043534594454521895,measured_directed
37,25,0.024229074889867842,0.024229074889867842,measured_directed
37,26,0.1904638507385333,0.1904638507385333,measured_directed
37,27,0.045737237626328066,0.045737237626328066,measured_directed
37,28,0.08745789064524488,0.08745789064524488,measured_directed
37,29,0.14058046125939364,0.14058046125939364,measured_directed
37,30,0.08305260430163254,0.08305260430163254,measured_directed
37,31,0.3464508621601608,0.3464508621601608,measured_directed
37,32,0.17426794506348794,0.17426794506348794,measured_directed
37,33,0.09354755117906194,0.09354755117906194,measured_directed
37,34,0.17465664679968904,0.17465664679968904,measured_directed
37,35,0.5724280901788028,0.5724280901788028,measured_directed
37,36,0.3784659238144597,0.3784659238144597,measured_directed
37,37,0.0,1.0,co_located_assumption
37,38,0.5374449339207048,0.5374449339207048,measured_directed
37,39,0.42912671676600156,0.42912671676600156,measured_directed
37,40,0.5155480694480435,0.5155480694480435,measured_directed
37,41,0.1838559212231148,0.1838559212231148,measured_directed
37,42,0.1438196423944027,0.1438196423944027,measured_directed
37,43,0.23982897123607153,0.23982897123607153,measured_directed
37,44,0.07178025395180099,0.07178025395180099,measured_directed
37,45,0.10572687224669604,0.10572687224669604,measured_directed
37,46,0.05713915522155999,0.05713915522155999,measured_directed
37,47,0.05597305001295672,0.05597305001295672,measured_directed
37,48,0.07061414874319771,0.07061414874319771,measured_directed
37,49,0.04949468774293859,0.04949468774293859,measured_directed
37,50,0.01490023322104172,0.01490023322104172,measured_directed
37,51,0.03420575278569578,0.03420575278569578,measured_directed
37,52,0.025913449080072558,0.025913449080072558,measured_directed
37,53,0.040165846074112464,0.040165846074112464,measured_directed
37,54,0.03368748380409432,0.03368748380409432,measured_directed
38,1,0.08901070216653616,0.08901070216653616,measured_directed
38,2,0.12738188462542416,0.12738188462542416,measured_directed
38,3,0.17397546332550248,0.17397546332550248,measured_directed
38,4,0.2341425215348473,0.2341425215348473,measured_directed
38,5,0.0009135995823544767,0.0009135995823544767,measured_directed
38,6,0.05938397285304098,0.05938397285304098,measured_directed
38,7,0.05338031845471156,0.05338031845471156,measured_directed
38,8,0.044766379535369355,0.044766379535369355,measured_directed
38,9,0.060297572435395456,0.060297572435395456,measured_directed
38,10,0.07413208039676325,0.07413208039676325,measured_directed
38,11,0.05768728791438267,0.05768728791438267,measured_directed
38,12,0.04659357870007831,0.04659357870007831,measured_directed
38,13,0.05899243017488906,0.05899243017488906,measured_directed
38,14,0.027016444792482382,0.027016444792482382,measured_directed
38,15,0.0015661707126076742,0.0015661707126076742,measured_directed
38,16,0.00026102845210127906,0.00026102845210127906,measured_directed
38,17,0.024797702949621508,0.024797702949621508,measured_directed
38,18,0.0274079874706343,0.0274079874706343,measured_directed
38,19,0.025972330984077262,0.025972330984077262,measured_directed
38,20,0.027669015922735577,0.027669015922735577,measured_directed
38,21,0.012529365700861394,0.012529365700861394,measured_directed
38,22,0.025189245627773426,0.025189245627773426,measured_directed
38,23,0.02192638997650744,0.02192638997650744,measured_directed
38,24,0.041895066562255286,0.041895066562255286,measured_directed
38,25,0.021012790394152964,0.021012790394152964,measured_directed
38,26,0.08483424693291569,0.08483424693291569,measured_directed
38,27,0.1040198381623597,0.1040198381623597,measured_directed
38,28,0.0541634038110154,0.0541634038110154,measured_directed
38,29,0.08091882015139651,0.08091882015139651,measured_directed
38,30,0.11250326285565126,0.11250326285565126,measured_directed
38,31,0.2895679662802951,0.2895679662802951,measured_directed
38,32,0.05625163142782563,0.05625163142782563,measured_directed
38,33,0.06643174105977552,0.06643174105977552,measured_directed
38,34,0.08901070216653616,0.08901070216653616,measured_directed
38,35,0.33046202036021927,0.33046202036021927,measured_directed
38,36,0.4143826677107805,0.4143826677107805,measured_directed
38,37,0.6147220046985121,0.6147220046985121,measured_directed
38,38,0.0,1.0,co_located_assumption
38,39,0.34599321326024535,0.34599321326024535,measured_directed
38,40,0.7644218219785957,0.7644218219785957,measured_directed
38,41,0.5699556251631428,0.5699556251631428,measured_directed
38,42,0.3407726442182198,0.3407726442182198,measured_directed
38,43,0.44975202297050376,0.44975202297050376,measured_directed
38,44,0.12137823022709475,0.12137823022709475,measured_directed
38,45,0.23505612111720178,0.23505612111720178,measured_directed
38,46,0.1892456277734273,0.1892456277734273,measured_directed
38,47,0.09892978334638476,0.09892978334638476,measured_directed
38,48,0.21286870268859306,0.21286870268859306,measured_directed
38,49,0.1027146959018533,0.1027146959018533,measured_directed
38,50,0.04072043852779953,0.04072043852779953,measured_directed
38,51,0.1370399373531715,0.1370399373531715,measured_directed
38,52,0.04594100756982511,0.04594100756982511,measured_directed
38,53,0.03641346906812842,0.03641346906812842,measured_directed
38,54,0.03262855651265988,0.03262855651265988,measured_directed
39,1,0.16299737426782468,0.16299737426782468,measured_directed
39,2,0.2094526358311452,0.2094526358311452,measured_directed
39,3,0.1971318925469602,0.1971318925469602,measured_directed
39,4,0.056756210866491616,0.056756210866491616,measured_directed
39,5,0.00040395879620278735,0.00040395879620278735,measured_directed
39,6,0.07756008887093517,0.07756008887093517,measured_directed
39,7,0.08301353261967279,0.08301353261967279,measured_directed
39,8,0.044637446980407995,0.044637446980407995,measured_directed
39,9,0.06523934558675015,0.06523934558675015,measured_directed
39,10,0.07614623308422541,0.07614623308422541,measured_directed
39,11,0.04403150878610382,0.04403150878610382,measured_directed
39,12,0.013128660876590589,0.013128660876590589,measured_directed
39,13,0.04928297313674005,0.04928297313674005,measured_directed
39,14,0.00222177337911533,0.00222177337911533,measured_directed
39,15,0.0,0.0,measured_directed
39,16,0.0,0.0,measured_directed
39,17,0.0,0.0,measured_directed
39,18,0.018178145829125428,0.018178145829125428,measured_directed
39,19,0.0,0.0,measured_directed
39,20,0.008685114118359927,0.008685114118359927,measured_directed
39,21,0.017370228236719853,0.017370228236719853,measured_directed
39,22,0.018986063421531005,0.018986063421531005,measured_directed
39,23,0.028883053928499294,0.028883053928499294,measured_directed
39,24,0.016764290042415673,0.016764290042415673,measured_directed
39,25,0.022419713189254696,0.022419713189254696,measured_directed
39,26,0.1175520096950111,0.1175520096950111,measured_directed
39,27,0.026257321753181177,0.026257321753181177,measured_directed
39,28,0.07453039789941426,0.07453039789941426,measured_directed
39,29,0.02807513633609372,0.02807513633609372,measured_directed
39,30,0.05796808725509998,0.05796808725509998,measured_directed
39,31,0.23066345823306977,0.23066345823306977,measured_directed
39,32,0.06321955160573621,0.06321955160573621,measured_directed
39,33,0.22116744092102605,0.22116744092102605,measured_directed
39,34,0.23833568975964453,0.23833568975964453,measured_directed
39,35,0.43647747929711167,0.43647747929711167,measured_directed
39,36,0.5568572005655423,0.5568572005655423,measured_directed
39,37,0.7137951928903252,0.7137951928903252,measured_directed
39,38,0.6378509392042012,0.6378509392042012,measured_directed
39,39,0.0,1.0,co_located_assumption
39,40,0.7523732579276914,0.7523732579276914,measured_directed
39,41,0.2130882649969703,0.2130882649969703,measured_directed
39,42,0.3379115330236316,0.3379115330236316,measured_directed
39,43,0.4704100181781458,0.4704100181781458,measured_directed
39,44,0.24439507170268632,0.24439507170268632,measured_directed
39,45,0.2969097152090487,0.2969097152090487,measured_directed
39,46,0.09048677034942436,0.09048677034942436,measured_directed
39,47,0.07594425368612401,0.07594425368612401,measured_directed
39,48,0.18521510805897798,0.18521510805897798,measured_directed
39,49,0.015350434255705918,0.015350434255705918,measured_directed
39,50,0.028277115734195113,0.028277115734195113,measured_directed
39,51,0.07735810947283377,0.07735810947283377,measured_directed
39,52,0.03130680670571602,0.03130680670571602,measured_directed
39,53,0.012522722682286406,0.012522722682286406,measured_directed
39,54,0.03716420925065643,0.03716420925065643,measured_directed
40,1,0.22327586206896552,0.22327586206896552,measured_directed
40,2,0.08635057471264368,0.08635057471264368,measured_directed
40,3,0.21192528735632185,0.21192528735632185,measured_directed
40,4,0.09022988505747126,0.09022988505747126,measured_directed
40,5,0.0010057471264367816,0.0010057471264367816,measured_directed
40,6,0.051867816091954025,0.051867816091954025,measured_directed
40,7,0.044971264367816094,0.044971264367816094,measured_directed
40,8,0.053591954022988504,0.053591954022988504,measured_directed
40,9,0.04324712643678161,0.04324712643678161,measured_directed
40,10,0.07169540229885057,0.07169540229885057,measured_directed
40,11,0.055459770114942526,0.055459770114942526,measured_directed
40,12,0.04123563218390804,0.04123563218390804,measured_directed
40,13,0.0360632183908046,0.0360632183908046,measured_directed
40,14,0.04439655172413793,0.04439655172413793,measured_directed
40,15,0.0,0.0,measured_directed
40,16,0.0011494252873563218,0.0011494252873563218,measured_directed
40,17,0.033764367816091954,0.033764367816091954,measured_directed
40,18,0.02586206896551724,0.02586206896551724,measured_directed
40,19,0.0,0.0,measured_directed
40,20,0.06652298850574713,0.06652298850574713,measured_directed
40,21,0.0028735632183908046,0.0028735632183908046,measured_directed
40,22,0.016522988505747127,0.016522988505747127,measured_directed
40,23,0.017385057471264367,0.017385057471264367,measured_directed
40,24,0.02586206896551724,0.02586206896551724,measured_directed
40,25,0.02456896551724138,0.02456896551724138,measured_directed
40,26,0.055028735632183905,0.055028735632183905,measured_directed
40,27,0.0507183908045977,0.0507183908045977,measured_directed
40,28,0.07313218390804598,0.07313218390804598,measured_directed
40,29,0.07011494252873564,0.07011494252873564,measured_directed
40,30,0.05775862068965517,0.05775862068965517,measured_directed
40,31,0.2286536248561565,0.2286536248561565,measured_directed
40,32,0.04123563218390804,0.04123563218390804,measured_directed
40,33,0.06091954022988506,0.06091954022988506,measured_directed
40,34,0.14655172413793102,0.14655172413793102,measured_directed
40,35,0.10488505747126436,0.10488505747126436,measured_directed
40,36,0.2775862068965517,0.2775862068965517,measured_directed
40,37,0.6001436781609195,0.6001436781609195,measured_directed
40,38,0.7616379310344827,0.7616379310344827,measured_directed
40,39,0.6004310344827586,0.6004310344827586,measured_directed
40,40,0.0,1.0,co_located_assumption
40,41,0.3785919540229885,0.3785919540229885,measured_directed
40,42,0.4961206896551724,0.4961206896551724,measured_directed
40,43,0.6705459770114942,0.6705459770114942,measured_directed
40,44,0.16939655172413792,0.16939655172413792,measured_directed
40,45,0.4025862068965517,0.4025862068965517,measured_directed
40,46,0.16235632183908047,0.16235632183908047,measured_directed
40,47,0.17183908045977012,0.17183908045977012,measured_directed
40,48,0.3843390804597701,0.3843390804597701,measured_directed
40,49,0.11652298850574713,0.11652298850574713,measured_directed
40,50,0.0735632183908046,0.0735632183908046,measured_directed
40,51,0.1485632183908046,0.1485632183908046,measured_directed
40,52,0.04181034482758621,0.04181034482758621,measured_directed
40,53,0.011781609195402299,0.011781609195402299,measured_directed
40,54,0.025,0.025,measured_directed
41,1,0.11527820473409162,0.11527820473409162,measured_directed
41,2,0.1275745465723947,0.1275745465723947,measured_directed
41,3,0.09114663387642176,0.09114663387642176,measured_directed
41,4,0.08730402705195205,0.08730402705195205,measured_directed
41,5,0.0006148170919151552,0.0006148170919151552,measured_directed
41,6,0.09898555179834,0.09898555179834,measured_directed
41,7,0.02720565631724562,0.02720565631724562,measured_directed
41,8,0.052105748539809406,0.052105748539809406,measured_directed
41,9,0.11205041500153703,0.11205041500153703,measured_directed
41,10,0.01291115893021826,0.01291115893021826,measured_directed
41,11,0.08100215185982171,0.08100215185982171,measured_directed
41,12,0.00046111281893636643,0.00046111281893636643,measured_directed
41,13,0.04718721180448816,0.04718721180448816,measured_directed
41,14,0.01429449738702736,0.01429449738702736,measured_directed
41,15,0.0,0.0,measured_directed
41,16,0.0,0.0,measured_directed
41,17,0.0,0.0,measured_directed
41,18,0.0006148170919151552,0.0006148170919151552,measured_directed
41,19,0.0,0.0,measured_directed
41,20,0.06778358438364586,0.06778358438364586,measured_directed
41,21,0.001690747002766677,0.001690747002766677,measured_directed
41,22,0.011988933292345526,0.011988933292345526,measured_directed
41,23,0.032431601598524436,0.032431601598524436,measured_directed
41,24,0.0192130341223486,0.0192130341223486,measured_directed
41,25,0.0029203811865969875,0.0029203811865969875,measured_directed
41,26,0.04518905625576391,0.04518905625576391,measured_directed
41,27,0.029357516138948662,0.029357516138948662,measured_directed
41,28,0.03074085459575776,0.03074085459575776,measured_directed
41,29,0.04242237934214571,0.04242237934214571,measured_directed
41,30,0.04734091607746695,0.04734091607746695,measured_directed
41,31,0.13627498781082398,0.13627498781082398,measured_directed
41,32,0.08499846295727022,0.08499846295727022,measured_directed
41,33,0.05779280664002459,0.05779280664002459,measured_directed
41,34,0.11696895173685828,0.11696895173685828,measured_directed
41,35,0.17629880110667076,0.17629880110667076,measured_directed
41,36,0.3810328927144175,0.3810328927144175,measured_directed
41,37,0.39640332001229633,0.39640332001229633,measured_directed
41,38,0.7262526898247771,0.7262526898247771,measured_directed
41,39,0.21948970181371041,0.21948970181371041,measured_directed
41,40,0.5521057485398094,0.5521057485398094,measured_directed
41,41,0.0,1.0,co_located_assumption
41,42,0.6658469105441132,0.6658469105441132,measured_directed
41,43,0.5771595450353519,0.5771595450353519,measured_directed
41,44,0.3751921303412235,0.3751921303412235,measured_directed
41,45,0.49892407008914846,0.49892407008914846,measured_directed
41,46,0.419920073778051,0.419920073778051,measured_directed
41,47,0.4065478020288964,0.4065478020288964,measured_directed
41,48,0.47709806332616045,0.47709806332616045,measured_directed
41,49,0.24700276667691362,0.24700276667691362,measured_directed
41,50,0.2196434060866892,0.2196434060866892,measured_directed
41,51,0.12465416538579772,0.12465416538579772,measured_directed
41,52,0.060098370734706426,0.060098370734706426,measured_directed
41,53,0.05010759299108515,0.05010759299108515,measured_directed
41,54,0.04150015370427298,0.04150015370427298,measured_directed
42,1,0.02855061908230153,0.02855061908230153,measured_directed
42,2,0.07064821558630735,0.07064821558630735,measured_directed
42,3,0.11172614712308813,0.11172614712308813,measured_directed
42,4,0.05491624180626366,0.05491624180626366,measured_directed
42,5,0.00043699927166788056,0.00043699927166788056,measured_directed
42,6,0.030152949745083757,0.030152949745083757,measured_directed
42,7,0.011070648215586306,0.011070648215586306,measured_directed
42,8,0.004078659868900218,0.004078659868900218,measured_directed
42,9,0.009031318281136198,0.009031318281136198,measured_directed
42,10,0.006846321922796795,0.006846321922796795,measured_directed
42,11,0.0649672250546249,0.0649672250546249,measured_directed
42,12,0.0001456664238892935,0.0001456664238892935,measured_directed
42,13,0.009468317552804079,0.009468317552804079,measured_directed
42,14,0.0,0.0,measured_directed
42,15,0.0,0.0,measured_directed
42,16,0.0,0.0,measured_directed
42,17,0.0,0.0,measured_directed
42,18,0.008448652585579024,0.008448652585579024,measured_directed
42,19,0.0,0.0,measured_directed
42,20,0.04136926438455936,0.04136926438455936,measured_directed
42,21,0.003641660597232338,0.003641660597232338,measured_directed
42,22,0.01165331391114348,0.01165331391114348,measured_directed
42,23,0.0062636562272396215,0.0062636562272396215,measured_directed
42,24,0.040349599417334306,0.040349599417334306,measured_directed
42,25,0.02738528769118718,0.02738528769118718,measured_directed
42,26,0.07050254916241806,0.07050254916241806,measured_directed
42,27,0.06569555717407137,0.06569555717407137,measured_directed
42,28,0.03525127458120903,0.03525127458120903,measured_directed
42,29,0.02039329934450109,0.02039329934450109,measured_directed
42,30,0.08346686088856518,0.08346686088856518,measured_directed
42,31,0.15638483965014577,0.15638483965014577,measured_directed
42,32,0.04850691915513474,0.04850691915513474,measured_directed
42,33,0.07458120903131828,0.07458120903131828,measured_directed
42,34,0.09089584850691916,0.09089584850691916,measured_directed
42,35,0.2521485797523671,0.2521485797523671,measured_directed
42,36,0.3008011653313911,0.3008011653313911,measured_directed
42,37,0.37130371449380917,0.37130371449380917,measured_directed
42,38,0.5522214129643117,0.5522214129643117,measured_directed
42,39,0.35193008011653315,0.35193008011653315,measured_directed
42,40,0.6330662782228696,0.6330662782228696,measured_directed
42,41,0.66598689002185,0.66598689002185,measured_directed
42,42,0.0,1.0,co_located_assumption
42,43,0.3178441369264385,0.3178441369264385,measured_directed
42,44,0.6030589949016751,0.6030589949016751,measured_directed
42,45,0.5044428259286234,0.5044428259286234,measured_directed
42,46,0.5801893663510561,0.5801893663510561,measured_directed
42,47,0.46817188638018936,0.46817188638018936,measured_directed
42,48,0.6256372906045157,0.6256372906045157,measured_directed
42,49,0.3010924981791697,0.3010924981791697,measured_directed
42,50,0.23044428259286234,0.23044428259286234,measured_directed
42,51,0.21893663510560815,0.21893663510560815,measured_directed
42,52,0.06409322651128915,0.06409322651128915,measured_directed
42,53,0.05710123816460306,0.05710123816460306,measured_directed
42,54,0.03743627093954843,0.03743627093954843,measured_directed
43,1,0.10975232198142415,0.10975232198142415,measured_directed
43,2,0.11037151702786378,0.11037151702786378,measured_directed
43,3,0.1458204334365325,0.1458204334365325,measured_directed
43,4,0.11160990712074303,0.11160990712074303,measured_directed
43,5,0.001238390092879257,0.001238390092879257,measured_directed
43,6,0.029876160990712074,0.029876160990712074,measured_directed
43,7,0.04721362229102167,0.04721362229102167,measured_directed
43,8,0.019814241486068113,0.019814241486068113,measured_directed
43,9,0.043343653250773995,0.043343653250773995,measured_directed
43,10,0.025077399380804954,0.025077399380804954,measured_directed
43,11,0.019969040247678017,0.019969040247678017,measured_directed
43,12,0.01888544891640867,0.01888544891640867,measured_directed
43,13,0.05603715170278638,0.05603715170278638,measured_directed
43,14,0.020278637770897834,0.020278637770897834,measured_directed
43,15,0.0,0.0,measured_directed
43,16,0.0,0.0,measured_directed
43,17,0.0,0.0,measured_directed
43,18,0.0,0.0,measured_directed
43,19,0.0,0.0,measured_directed
43,20,0.04489164086687306,0.04489164086687306,measured_directed
43,21,0.0,0.0,measured_directed
43,22,0.00804953560371517,0.00804953560371517,measured_directed
43,23,0.0027863777089783283,0.0027863777089783283,measured_directed
43,24,0.021362229102167184,0.021362229102167184,measured_directed
43,25,0.031578947368421054,0.031578947368421054,measured_directed
43,26,0.04767801857585139,0.04767801857585139,measured_directed
43,27,0.05851393188854489,0.05851393188854489,measured_directed
43,28,0.06160990712074303,0.06160990712074303,measured_directed
43,29,0.08359133126934984,0.08359133126934984,measured_directed
43,30,0.08452012383900928,0.08452012383900928,measured_directed
43,31,0.13680372186596254,0.13680372186596254,measured_directed
43,32,0.06547987616099071,0.06547987616099071,measured_directed
43,33,0.0869969040247678,0.0869969040247678,measured_directed
43,34,0.10371517027863777,0.10371517027863777,measured_directed
43,35,0.25139318885448914,0.25139318885448914,measured_directed
43,36,0.4630030959752322,0.4630030959752322,measured_directed
43,37,0.5212074303405573,0.5212074303405573,measured_directed
43,38,0.7125386996904025,0.7125386996904025,measured_directed
43,39,0.47987616099071206,0.47987616099071206,measured_directed
43,40,0.7637770897832817,0.7637770897832817,measured_directed
43,41,0.621517027863777,0.621517027863777,measured_directed
43,42,0.27476780185758515,0.27476780185758515,measured_directed
43,43,0.0,1.0,co_located_assumption
43,44,0.34055727554179566,0.34055727554179566,measured_directed
43,45,0.4057275541795666,0.4057275541795666,measured_directed
43,46,0.3823529411764706,0.3823529411764706,measured_directed
43,47,0.4043343653250774,0.4043343653250774,measured_directed
43,48,0.25557275541795665,0.25557275541795665,measured_directed
43,49,0.2452012383900929,0.2452012383900929,measured_directed
43,50,0.12848297213622292,0.12848297213622292,measured_directed
43,51,0.2410216718266254,0.2410216718266254,measured_directed
43,52,0.1303405572755418,0.1303405572755418,measured_directed
43,53,0.026470588235294117,0.026470588235294117,measured_directed
43,54,0.025386996904024767,0.025386996904024767,measured_directed
44,1,0.0622822906506897,0.0622822906506897,measured_directed
44,2,0.10728716734011426,0.10728716734011426,measured_directed
44,3,0.13668663787097673,0.13668663787097673,measured_directed
44,4,0.08569039988853282,0.08569039988853282,measured_directed
44,5,0.0005573359342343597,0.0005573359342343597,measured_directed
44,6,0.06660164414100599,0.06660164414100599,measured_directed
44,7,0.009196042914866935,0.009196042914866935,measured_directed
44,8,0.008638706980632576,0.008638706980632576,measured_directed
44,9,0.04305420091960429,0.04305420091960429,measured_directed
44,10,0.025219451024104778,0.025219451024104778,measured_directed
44,11,0.02508011704054619,0.02508011704054619,measured_directed
44,12,0.0,0.0,measured_directed
44,13,0.0,0.0,measured_directed
44,14,0.0,0.0,measured_directed
44,15,0.0,0.0,measured_directed
44,16,0.0,0.0,measured_directed
44,17,0.0,0.0,measured_directed
44,18,0.0,0.0,measured_directed
44,19,0.0,0.0,measured_directed
44,20,0.055594259439877385,0.055594259439877385,measured_directed
44,21,0.0,0.0,measured_directed
44,22,0.0,0.0,measured_directed
44,23,0.0,0.0,measured_directed
44,24,0.00013933398355858994,0.00013933398355858994,measured_directed
44,25,0.006130695276577958,0.006130695276577958,measured_directed
44,26,0.017974083879058102,0.017974083879058102,measured_directed
44,27,0.019646091681761183,0.019646091681761183,measured_directed
44,28,0.028006130695276577,0.028006130695276577,measured_directed
44,29,0.008499372997073986,0.008499372997073986,measured_directed
44,30,0.048348892294830706,0.048348892294830706,measured_directed
44,31,0.08308383233532934,0.08308383233532934,measured_directed
44,32,0.05573359342343598,0.05573359342343598,measured_directed
44,33,0.05016023408109238,0.05016023408109238,measured_directed
44,34,0.1106311829455204,0.1106311829455204,measured_directed
44,35,0.19743625470252196,0.19743625470252196,measured_directed
44,36,0.2077469694858576,0.2077469694858576,measured_directed
44,37,0.3128047930890344,0.3128047930890344,measured_directed
44,38,0.4223213041660861,0.4223213041660861,measured_directed
44,39,0.3350982304584088,0.3350982304584088,measured_directed
44,40,0.43695137243973803,0.43695137243973803,measured_directed
44,41,0.4862756026194789,0.4862756026194789,measured_directed
44,42,0.7589522084436394,0.7589522084436394,measured_directed
44,43,0.4192559565277971,0.4192559565277971,measured_directed
44,44,0.0,1.0,co_located_assumption
44,45,0.8095304444754076,0.8095304444754076,measured_directed
44,46,0.6477636895638846,0.6477636895638846,measured_directed
44,47,0.625888254145186,0.625888254145186,measured_directed
44,48,0.7119966559843945,0.7119966559843945,measured_directed
44,49,0.3721610700849937,0.3721610700849937,measured_directed
44,50,0.28201198272258604,0.28201198272258604,measured_directed
44,51,0.3767590915424272,0.3767590915424272,measured_directed
44,52,0.052110909850912636,0.052110909850912636,measured_directed
44,53,0.04556221262365891,0.04556221262365891,measured_directed
44,54,0.06520830430542009,0.06520830430542009,measured_directed
45,1,0.09035945916236122,0.09035945916236122,measured_directed
45,2,0.051665384192590966,0.051665384192590966,measured_directed
45,3,0.11223480268220291,0.11223480268220291,measured_directed
45,4,0.07496977025392987,0.07496977025392987,measured_directed
45,5,0.0006595580960756293,0.0006595580960756293,measured_directed
45,6,0.05771133340661756,0.05771133340661756,measured_directed
45,7,0.08211498296141585,0.08211498296141585,measured_directed
45,8,0.038144443223040565,0.038144443223040565,measured_directed
45,9,0.03429702099593272,0.03429702099593272,measured_directed
45,10,0.07178190612289766,0.07178190612289766,measured_directed
45,11,0.057601407057271625,0.057601407057271625,measured_directed
45,12,0.00010992634934593822,0.00010992634934593822,measured_directed
45,13,0.023963944157414534,0.023963944157414534,measured_directed
45,14,0.012641530174782895,0.012641530174782895,measured_directed
45,15,0.0,0.0,measured_directed
45,16,0.0,0.0,measured_directed
45,17,0.0,0.0,measured_directed
45,18,0.00010992634934593822,0.00010992634934593822,measured_directed
45,19,0.0,0.0,measured_directed
45,20,0.059030449598768825,0.059030449598768825,measured_directed
45,21,0.0,0.0,measured_directed
45,22,0.013301088270858526,0.013301088270858526,measured_directed
45,23,0.00868418159832912,0.00868418159832912,measured_directed
45,24,0.0007694844454215675,0.0007694844454215675,measured_directed
45,25,0.00010992634934593822,0.00010992634934593822,measured_directed
45,26,0.04320105529295372,0.04320105529295372,measured_directed
45,27,0.0007694844454215675,0.0007694844454215675,measured_directed
45,28,0.018247773991425745,0.018247773991425745,measured_directed
45,29,0.03693525338023524,0.03693525338023524,measured_directed
45,30,0.03935363306584588,0.03935363306584588,measured_directed
45,31,0.02849740932642487,0.02849740932642487,measured_directed
45,32,0.02649225019237111,0.02649225019237111,measured_directed
45,33,0.06947345278663296,0.06947345278663296,measured_directed
45,34,0.09508629218423656,0.09508629218423656,measured_directed
45,35,0.10904693855117072,0.10904693855117072,measured_directed
45,36,0.2111685170935473,0.2111685170935473,measured_directed
45,37,0.29108497306804443,0.29108497306804443,measured_directed
45,38,0.414642189732879,0.414642189732879,measured_directed
45,39,0.2821809387710234,0.2821809387710234,measured_directed
45,40,0.5257777289216226,0.5257777289216226,measured_directed
45,41,0.47565131361987467,0.47565131361987467,measured_directed
45,42,0.44080466087721226,0.44080466087721226,measured_directed
45,43,0.3592393096625261,0.3592393096625261,measured_directed
45,44,0.7306804441024514,0.7306804441024514,measured_directed
45,45,0.0,1.0,co_located_assumption
45,46,0.6248213696823128,0.6248213696823128,measured_directed
45,47,0.6363636363636364,0.6363636363636364,measured_directed
45,48,0.7108937012201825,0.7108937012201825,measured_directed
45,49,0.4570737605804111,0.4570737605804111,measured_directed
45,50,0.3097724524568539,0.3097724524568539,measured_directed
45,51,0.45652412883368143,0.45652412883368143,measured_directed
45,52,0.16620864021105858,0.16620864021105858,measured_directed
45,53,0.11058590744201385,0.11058590744201385,measured_directed
45,54,0.07266131691766517,0.07266131691766517,measured_directed
46,1,0.023745519713261647,0.023745519713261647,measured_directed
46,2,0.04189068100358423,0.04189068100358423,measured_directed
46,3,0.09845430107526881,0.09845430107526881,measured_directed
46,4,0.10741487455197132,0.10741487455197132,measured_directed
46,5,0.0008960573476702509,0.0008960573476702509,measured_directed
46,6,0.06810035842293907,0.06810035842293907,measured_directed
46,7,0.06630824372759857,0.06630824372759857,measured_directed
46,8,0.028449820788530467,0.028449820788530467,measured_directed
46,9,0.04939516129032258,0.04939516129032258,measured_directed
46,10,0.00985663082437276,0.00985663082437276,measured_directed
46,11,0.07482078853046595,0.07482078853046595,measured_directed
46,12,0.0003360215053763441,0.0003360215053763441,measured_directed
46,13,0.00022401433691756272,0.00022401433691756272,measured_directed
46,14,0.0,0.0,measured_directed
46,15,0.0,0.0,measured_directed
46,16,0.0,0.0,measured_directed
46,17,0.0,0.0,measured_directed
46,18,0.0,0.0,measured_directed
46,19,0.0,0.0,measured_directed
46,20,0.04917114695340502,0.04917114695340502,measured_directed
46,21,0.0,0.0,measured_directed
46,22,0.0,0.0,measured_directed
46,23,0.0,0.0,measured_directed
46,24,0.0,0.0,measured_directed
46,25,0.0,0.0,measured_directed
46,26,0.00985663082437276,0.00985663082437276,measured_directed
46,27,0.012208781362007167,0.012208781362007167,measured_directed
46,28,0.015120967741935484,0.015120967741935484,measured_directed
46,29,0.00739247311827957,0.00739247311827957,measured_directed
46,30,0.022625448028673834,0.022625448028673834,measured_directed
46,31,0.08655701552880639,0.08655701552880639,measured_directed
46,32,0.03763440860215054,0.03763440860215054,measured_directed
46,33,0.04872311827956989,0.04872311827956989,measured_directed
46,34,0.08221326164874553,0.08221326164874553,measured_directed
46,35,0.18033154121863798,0.18033154121863798,measured_directed
46,36,0.09363799283154121,0.09363799283154121,measured_directed
46,37,0.24988799283154123,0.24988799283154123,measured_directed
46,38,0.434923835125448,0.434923835125448,measured_directed
46,39,0.11346326164874553,0.11346326164874553,measured_directed
46,40,0.38653673835125446,0.38653673835125446,measured_directed
46,41,0.506160394265233,0.506160394265233,measured_directed
46,42,0.6861559139784946,0.6861559139784946,measured_directed
46,43,0.3913530465949821,0.3913530465949821,measured_directed
46,44,0.5852374551971327,0.5852374551971327,measured_directed
46,45,0.7348790322580645,0.7348790322580645,measured_directed
46,46,0.0,1.0,co_located_assumption
46,47,0.35114247311827956,0.35114247311827956,measured_directed
46,48,0.8326612903225806,0.8326612903225806,measured_directed
46,49,0.4718862007168459,0.4718862007168459,measured_directed
46,50,0.336581541218638,0.336581541218638,measured_directed
46,51,0.48588709677419356,0.48588709677419356,measured_directed
46,52,0.2055331541218638,0.2055331541218638,measured_directed
46,53,0.13082437275985662,0.13082437275985662,measured_directed
46,54,0.036738351254480286,0.036738351254480286,measured_directed
47,1,0.10476084785262457,0.10476084785262457,measured_directed
47,2,0.08178892464765287,0.08178892464765287,measured_directed
47,3,0.07646210187548552,0.07646210187548552,measured_directed
47,4,0.08278770391743424,0.08278770391743424,measured_directed
47,5,0.000776828320941072,0.000776828320941072,measured_directed
47,6,0.019531683497946956,0.019531683497946956,measured_directed
47,7,0.0038841416047053602,0.0038841416047053602,measured_directed
47,8,0.06458772611252914,0.06458772611252914,measured_directed
47,9,0.0281877705027189,0.0281877705027189,measured_directed
47,10,0.07279991121962047,0.07279991121962047,measured_directed
47,11,0.024969481744534457,0.024969481744534457,measured_directed
47,12,0.0,0.0,measured_directed
47,13,0.002219509488403063,0.002219509488403063,measured_directed
47,14,0.0,0.0,measured_directed
47,15,0.0,0.0,measured_directed
47,16,0.0,0.0,measured_directed
47,17,0.0,0.0,measured_directed
47,18,0.0,0.0,measured_directed
47,19,0.0,0.0,measured_directed
47,20,0.036067029186549776,0.036067029186549776,measured_directed
47,21,0.0,0.0,measured_directed
47,22,0.0,0.0,measured_directed
47,23,0.0,0.0,measured_directed
47,24,0.0004439018976806126,0.0004439018976806126,measured_directed
47,25,0.0,0.0,measured_directed
47,26,0.03850848962379314,0.03850848962379314,measured_directed
47,27,0.012207302186216845,0.012207302186216845,measured_directed
47,28,0.00843413605593164,0.00843413605593164,measured_directed
47,29,0.023415825102652315,0.023415825102652315,measured_directed
47,30,0.015092664521140829,0.015092664521140829,measured_directed
47,31,0.08676770362492245,0.08676770362492245,measured_directed
47,32,0.0004439018976806126,0.0004439018976806126,measured_directed
47,33,0.008212185107091333,0.008212185107091333,measured_directed
47,34,0.0405060481633559,0.0405060481633559,measured_directed
47,35,0.13494617689490623,0.13494617689490623,measured_directed
47,36,0.20474975030518255,0.20474975030518255,measured_directed
47,37,0.26767284430140936,0.26767284430140936,measured_directed
47,38,0.3645544334702031,0.3645544334702031,measured_directed
47,39,0.1361669071135279,0.1361669071135279,measured_directed
47,40,0.43802019753634447,0.43802019753634447,measured_directed
47,41,0.6125846187992454,0.6125846187992454,measured_directed
47,42,0.6215736322272778,0.6215736322272778,measured_directed
47,43,0.5070469426256797,0.5070469426256797,measured_directed
47,44,0.6534235933858618,0.6534235933858618,measured_directed
47,45,0.8108977915880591,0.8108977915880591,measured_directed
47,46,0.3881922095216957,0.3881922095216957,measured_directed
47,47,0.0,1.0,co_located_assumption
47,48,0.7653978470757963,0.7653978470757963,measured_directed
47,49,0.39718122294972813,0.39718122294972813,measured_directed
47,50,0.25424481189657083,0.25424481189657083,measured_directed
47,51,0.33270447231161915,0.33270447231161915,measured_directed
47,52,0.30351792253911886,0.30351792253911886,measured_directed
47,53,0.1835534346909333,0.1835534346909333,measured_directed
47,54,0.050160914437909224,0.050160914437909224,measured_directed
48,1,0.06622587181401302,0.06622587181401302,measured_directed
48,2,0.06110696384771249,0.06110696384771249,measured_directed
48,3,0.04212434680601472,0.04212434680601472,measured_directed
48,4,0.09118054814972806,0.09118054814972806,measured_directed
48,5,0.00042657566385837685,0.00042657566385837685,measured_directed
48,6,0.0012797269915751305,0.0012797269915751305,measured_directed
48,7,0.06430628132665031,0.06430628132665031,measured_directed
48,8,0.09246027514130319,0.09246027514130319,measured_directed
48,9,0.13586434893889304,0.13586434893889304,measured_directed
48,10,0.09544630478831183,0.09544630478831183,measured_directed
48,11,0.09683267569585155,0.09683267569585155,measured_directed
48,12,0.0368987949237496,0.0368987949237496,measured_directed
48,13,0.029007145142369628,0.029007145142369628,measured_directed
48,14,0.05566812413351818,0.05566812413351818,measured_directed
48,15,0.0,0.0,measured_directed
48,16,0.0,0.0,measured_directed
48,17,0.0,0.0,measured_directed
48,18,0.0,0.0,measured_directed
48,19,0.0,0.0,measured_directed
48,20,0.036258931427962035,0.036258931427962035,measured_directed
48,21,0.0,0.0,measured_directed
48,22,0.0,0.0,measured_directed
48,23,0.0,0.0,measured_directed
48,24,0.0,0.0,measured_directed
48,25,0.0,0.0,measured_directed
48,26,0.01599658739468913,0.01599658739468913,measured_directed
48,27,0.00479897621840674,0.00479897621840674,measured_directed
48,28,0.0022395222352564787,0.0022395222352564787,measured_directed
48,29,0.0012797269915751305,0.0012797269915751305,measured_directed
48,30,0.03732537058760798,0.03732537058760798,measured_directed
48,31,0.09373653829585595,0.09373653829585595,measured_directed
48,32,0.006291991041911059,0.006291991041911059,measured_directed
48,33,0.02751413031886531,0.02751413031886531,measured_directed
48,34,0.026874266823077742,0.026874266823077742,measured_directed
48,35,0.12477338167857524,0.12477338167857524,measured_directed
48,36,0.17468273435000534,0.17468273435000534,measured_directed
48,37,0.17084355337527993,0.17084355337527993,measured_directed
48,38,0.34286018982617045,0.34286018982617045,measured_directed
48,39,0.13501119761117628,0.13501119761117628,measured_directed
48,40,0.4118588034552629,0.4118588034552629,measured_directed
48,41,0.3896768689346273,0.3896768689346273,measured_directed
48,42,0.5037858590167431,0.5037858590167431,measured_directed
48,43,0.18545376986242934,0.18545376986242934,measured_directed
48,44,0.4715793963954356,0.4715793963954356,measured_directed
48,45,0.6551135757705023,0.6551135757705023,measured_directed
48,46,0.8078276634318012,0.8078276634318012,measured_directed
48,47,0.48992214994134586,0.48992214994134586,measured_directed
48,48,0.0,1.0,co_located_assumption
48,49,0.3760264476911592,0.3760264476911592,measured_directed
48,50,0.3840247413885038,0.3840247413885038,measured_directed
48,51,0.5250079982936974,0.5250079982936974,measured_directed
48,52,0.31715900607870323,0.31715900607870323,measured_directed
48,53,0.16956382638370482,0.16956382638370482,measured_directed
48,54,0.0646262130745441,0.0646262130745441,measured_directed
49,1,0.0074613608100906025,0.0074613608100906025,measured_directed
49,2,0.015455675963759106,0.015455675963759106,measured_directed
49,3,0.03801740984189021,0.03801740984189021,measured_directed
49,4,0.09433291881328833,0.09433291881328833,measured_directed
49,5,0.0005329543435779002,0.0005329543435779002,measured_directed
49,6,0.03304316930182981,0.03304316930182981,measured_directed
49,7,0.012968555693728904,0.012968555693728904,measured_directed
49,8,0.10392609699769054,0.10392609699769054,measured_directed
49,9,0.16006395452122935,0.16006395452122935,measured_directed
49,10,0.06448747557292592,0.06448747557292592,measured_directed
49,11,0.11458518386924853,0.11458518386924853,measured_directed
49,12,0.0017765144785930006,0.0017765144785930006,measured_directed
49,13,0.044412861964825016,0.044412861964825016,measured_directed
49,14,0.038905667081186715,0.038905667081186715,measured_directed
49,15,0.0,0.0,measured_directed
49,16,0.0,0.0,measured_directed
49,17,0.0,0.0,measured_directed
49,18,0.0,0.0,measured_directed
49,19,0.0,0.0,measured_directed
49,20,0.005862497779356901,0.005862497779356901,measured_directed
49,21,0.0,0.0,measured_directed
49,22,0.0,0.0,measured_directed
49,23,0.0,0.0,measured_directed
49,24,0.0,0.0,measured_directed
49,25,0.0,0.0,measured_directed
49,26,0.019541659264523007,0.019541659264523007,measured_directed
49,27,0.0,0.0,measured_directed
49,28,0.0019541659264523006,0.0019541659264523006,measured_directed
49,29,0.010126132527980104,0.010126132527980104,measured_directed
49,30,0.0,0.0,measured_directed
49,31,0.03848989824509659,0.03848989824509659,measured_directed
49,32,0.0012435601350151003,0.0012435601350151003,measured_directed
49,33,0.03215491206253331,0.03215491206253331,measured_directed
49,34,0.03197726061467401,0.03197726061467401,measured_directed
49,35,0.07408065375732813,0.07408065375732813,measured_directed
49,36,0.03997157576834251,0.03997157576834251,measured_directed
49,37,0.2714514123290105,0.2714514123290105,measured_directed
49,38,0.3645407710072837,0.3645407710072837,measured_directed
49,39,0.019186356368804405,0.019186356368804405,measured_directed
49,40,0.37164682892165574,0.37164682892165574,measured_directed
49,41,0.4004263634748623,0.4004263634748623,measured_directed
49,42,0.43187066974595845,0.43187066974595845,measured_directed
49,43,0.35548054716645944,0.35548054716645944,measured_directed
49,44,0.4387990762124711,0.4387990762124711,measured_directed
49,45,0.7836205365073725,0.7836205365073725,measured_directed
49,46,0.6315508971398117,0.6315508971398117,measured_directed
49,47,0.4407532421389234,0.4407532421389234,measured_directed
49,48,0.7337004796589092,0.7337004796589092,measured_directed
49,49,0.0,1.0,co_located_assumption
49,50,0.3899449280511636,0.3899449280511636,measured_directed
49,51,0.4942263279445728,0.4942263279445728,measured_directed
49,52,0.3247468466868005,0.3247468466868005,measured_directed
49,53,0.09237875288683603,0.09237875288683603,measured_directed
49,54,0.09006928406466513,0.09006928406466513,measured_directed
50,1,0.0,0.0,measured_directed
50,2,0.02448290417897847,0.02448290417897847,measured_directed
50,3,0.036935415787252006,0.036935415787252006,measured_directed
50,4,0.06986070071760236,0.06986070071760236,measured_directed
50,5,0.0008442380751371887,0.0008442380751371887,measured_directed
50,6,0.04390037990713381,0.04390037990713381,measured_directed
50,7,0.01646264246517518,0.01646264246517518,measured_directed
50,8,0.0599409033347404,0.0599409033347404,measured_directed
50,9,0.1787674124102997,0.1787674124102997,measured_directed
50,10,0.06964964119881807,0.06964964119881807,measured_directed
50,11,0.13676656817222457,0.13676656817222457,measured_directed
50,12,0.0,0.0,measured_directed
50,13,0.058463486703250314,0.058463486703250314,measured_directed
50,14,0.005276487969607429,0.005276487969607429,measured_directed
50,15,0.0,0.0,measured_directed
50,16,0.0,0.0,measured_directed
50,17,0.0,0.0,measured_directed
50,18,0.0,0.0,measured_directed
50,19,0.0,0.0,measured_directed
50,20,0.0371464753060363,0.0371464753060363,measured_directed
50,21,0.0,0.0,measured_directed
50,22,0.0,0.0,measured_directed
50,23,0.0,0.0,measured_directed
50,24,0.0,0.0,measured_directed
50,25,0.0,0.0,measured_directed
50,26,0.0,0.0,measured_directed
50,27,0.0,0.0,measured_directed
50,28,0.0,0.0,measured_directed
50,29,0.0,0.0,measured_directed
50,30,0.0,0.0,measured_directed
50,31,0.0008563110121596164,0.0008563110121596164,measured_directed
50,32,0.00021105951878429716,0.00021105951878429716,measured_directed
50,33,0.02912621359223301,0.02912621359223301,measured_directed
50,34,0.0,0.0,measured_directed
50,35,0.06141831996623048,0.06141831996623048,measured_directed
50,36,0.04622203461376108,0.04622203461376108,measured_directed
50,37,0.10468552131701139,0.10468552131701139,measured_directed
50,38,0.21844660194174756,0.21844660194174756,measured_directed
50,39,0.07682566483748417,0.07682566483748417,measured_directed
50,40,0.32608695652173914,0.32608695652173914,measured_directed
50,41,0.3588011819333052,0.3588011819333052,measured_directed
50,42,0.35120303925707047,0.35120303925707047,measured_directed
50,43,0.23068805403123682,0.23068805403123682,measured_directed
50,44,0.3742085268045589,0.3742085268045589,measured_directed
50,45,0.5966652596032082,0.5966652596032082,measured_directed
50,46,0.4938792739552554,0.4938792739552554,measured_directed
50,47,0.3520472773322077,0.3520472773322077,measured_directed
50,48,0.7752216124947235,0.7752216124947235,measured_directed
50,49,0.4603208104685521,0.4603208104685521,measured_directed
50,50,0.0,1.0,co_located_assumption
50,51,0.6935415787252005,0.6935415787252005,measured_directed
50,52,0.6931194596876319,0.6931194596876319,measured_directed
50,53,0.139932460953989,0.139932460953989,measured_directed
50,54,0.26171380329252847,0.26171380329252847,measured_directed
51,1,0.037745261057532425,0.037745261057532425,measured_directed
51,2,0.019122048553375456,0.019122048553375456,measured_directed
51,3,0.04572663784502827,0.04572663784502827,measured_directed
51,4,0.10409045560359162,0.10409045560359162,measured_directed
51,5,0.0008313934153641503,0.0008313934153641503,measured_directed
51,6,0.046225473894246756,0.046225473894246756,measured_directed
51,7,0.02427668772863319,0.02427668772863319,measured_directed
51,8,0.05354173594945128,0.05354173594945128,measured_directed
51,9,0.10043232457598936,0.10043232457598936,measured_directed
51,10,0.08463584968407051,0.08463584968407051,measured_directed
51,11,0.13318922514133688,0.13318922514133688,measured_directed
51,12,0.059694047223145995,0.059694047223145995,measured_directed
51,13,0.0221150648486864,0.0221150648486864,measured_directed
51,14,0.009145327569005653,0.009145327569005653,measured_directed
51,15,0.0,0.0,measured_directed
51,16,0.0,0.0,measured_directed
51,17,0.0,0.0,measured_directed
51,18,0.0,0.0,measured_directed
51,19,0.0,0.0,measured_directed
51,20,0.0392417692051879,0.0392417692051879,measured_directed
51,21,0.0,0.0,measured_directed
51,22,0.0,0.0,measured_directed
51,23,0.0,0.0,measured_directed
51,24,0.0,0.0,measured_directed
51,25,0.0,0.0,measured_directed
51,26,0.0009976720984369804,0.0009976720984369804,measured_directed
51,27,0.0019953441968739607,0.0019953441968739607,measured_directed
51,28,0.0,0.0,measured_directed
51,29,0.0,0.0,measured_directed
51,30,0.002327901563019621,0.002327901563019621,measured_directed
51,31,0.005716675962074735,0.005716675962074735,measured_directed
51,32,0.0019953441968739607,0.0019953441968739607,measured_directed
51,33,0.011140671765879614,0.011140671765879614,measured_directed
51,34,0.030595277685400733,0.030595277685400733,measured_directed
51,35,0.060359161955437314,0.060359161955437314,measured_directed
51,36,0.11439973395410709,0.11439973395410709,measured_directed
51,37,0.12537412703691386,0.12537412703691386,measured_directed
51,38,0.30179580977718656,0.30179580977718656,measured_directed
51,39,0.09860325906218823,0.09860325906218823,measured_directed
51,40,0.3247422680412371,0.3247422680412371,measured_directed
51,41,0.17376122381110742,0.17376122381110742,measured_directed
51,42,0.20768207515796475,0.20768207515796475,measured_directed
51,43,0.28766212171599603,0.28766212171599603,measured_directed
51,44,0.3468573328899235,0.3468573328899235,measured_directed
51,45,0.6112404389757233,0.6112404389757233,measured_directed
51,46,0.5532091785833056,0.5532091785833056,measured_directed
51,47,0.2826737612238111,0.2826737612238111,measured_directed
51,48,0.7712005320917859,0.7712005320917859,measured_directed
51,49,0.3779514466245427,0.3779514466245427,measured_directed
51,50,0.4358164283338876,0.4358164283338876,measured_directed
51,51,0.0,1.0,co_located_assumption
51,52,0.6774193548387096,0.6774193548387096,measured_directed
51,53,0.2532424343199202,0.2532424343199202,measured_directed
51,54,0.24027269704023943,0.24027269704023943,measured_directed
52,1,0.05408388520971302,0.05408388520971302,measured_directed
52,2,0.06622516556291391,0.06622516556291391,measured_directed
52,3,0.10507726269315673,0.10507726269315673,measured_directed
52,4,0.2770419426048565,0.2770419426048565,measured_directed
52,5,0.0013245033112582781,0.0013245033112582781,measured_directed
52,6,0.20088300220750552,0.20088300220750552,measured_directed
52,7,0.0977924944812362,0.0977924944812362,measured_directed
52,8,0.42891832229580573,0.42891832229580573,measured_directed
52,9,0.2865342163355408,0.2865342163355408,measured_directed
52,10,0.30485651214128034,0.30485651214128034,measured_directed
52,11,0.30353200883002207,0.30353200883002207,measured_directed
52,12,0.1011037527593819,0.1011037527593819,measured_directed
52,13,0.14812362030905077,0.14812362030905077,measured_directed
52,14,0.13509933774834437,0.13509933774834437,measured_directed
52,15,0.0011037527593818985,0.0011037527593818985,measured_directed
52,16,0.0024282560706401766,0.0024282560706401766,measured_directed
52,17,0.013686534216335542,0.013686534216335542,measured_directed
52,18,0.03532008830022075,0.03532008830022075,measured_directed
52,19,0.0,0.0,measured_directed
52,20,0.0011037527593818985,0.0011037527593818985,measured_directed
52,21,0.0,0.0,measured_directed
52,22,0.0,0.0,measured_directed
52,23,0.0,0.0,measured_directed
52,24,0.003532008830022075,0.003532008830022075,measured_directed
52,25,0.0,0.0,measured_directed
52,26,0.0282560706401766,0.0282560706401766,measured_directed
52,27,0.0,0.0,measured_directed
52,28,0.0004415011037527594,0.0004415011037527594,measured_directed
52,29,0.012803532008830021,0.012803532008830021,measured_directed
52,30,0.0008830022075055188,0.0008830022075055188,measured_directed
52,31,0.029411764705882353,0.029411764705882353,measured_directed
52,32,0.018763796909492272,0.018763796909492272,measured_directed
52,33,0.034657836644591614,0.034657836644591614,measured_directed
52,34,0.06777041942604857,0.06777041942604857,measured_directed
52,35,0.025827814569536423,0.025827814569536423,measured_directed
52,36,0.018322295805739516,0.018322295805739516,measured_directed
52,37,0.05607064017660044,0.05607064017660044,measured_directed
52,38,0.06578366445916115,0.06578366445916115,measured_directed
52,39,0.017439293598233995,0.017439293598233995,measured_directed
52,40,0.054304635761589407,0.054304635761589407,measured_directed
52,41,0.04150110375275938,0.04150110375275938,measured_directed
52,42,0.029139072847682117,0.029139072847682117,measured_directed
52,43,0.08013245033112583,0.08013245033112583,measured_directed
52,44,0.016556291390728478,0.016556291390728478,measured_directed
52,45,0.11655629139072848,0.11655629139072848,measured_directed
52,46,0.10816777041942605,0.10816777041942605,measured_directed
52,47,0.19050772626931567,0.19050772626931567,measured_directed
52,48,0.44304635761589406,0.44304635761589406,measured_directed
52,49,0.18874172185430463,0.18874172185430463,measured_directed
52,50,0.4116997792494481,0.4116997792494481,measured_directed
52,51,0.5980132450331126,0.5980132450331126,measured_directed
52,52,0.0,1.0,co_located_assumption
52,53,0.4551876379690949,0.4551876379690949,measured_directed
52,54,0.6240618101545254,0.6240618101545254,measured_directed
53,1,0.14919157275845174,0.14919157275845174,measured_directed
53,2,0.15948064674179324,0.15948064674179324,measured_directed
53,3,0.116609505144537,0.116609505144537,measured_directed
53,4,0.4059284664380206,0.4059284664380206,measured_directed
53,5,0.002449779519843214,0.002449779519843214,measured_directed
53,6,0.3397844194022538,0.3397844194022538,measured_directed
53,7,0.11685448309652131,0.11685448309652131,measured_directed
53,8,0.5791278784909358,0.5791278784909358,measured_directed
53,9,0.3924546790788829,0.3924546790788829,measured_directed
53,10,0.3606075453209211,0.3606075453209211,measured_directed
53,11,0.19132778049975502,0.19132778049975502,measured_directed
53,12,0.10901518863302302,0.10901518863302302,measured_directed
53,13,0.2266046055854973,0.2266046055854973,measured_directed
53,14,0.10779029887310142,0.10779029887310142,measured_directed
53,15,0.0014698677119059284,0.0014698677119059284,measured_directed
53,16,0.001224889759921607,0.001224889759921607,measured_directed
53,17,0.0,0.0,measured_directed
53,18,0.002449779519843214,0.002449779519843214,measured_directed
53,19,0.0,0.0,measured_directed
53,20,0.0,0.0,measured_directed
53,21,0.0,0.0,measured_directed
53,22,0.0002449779519843214,0.0002449779519843214,measured_directed
53,23,0.0,0.0,measured_directed
53,24,0.0,0.0,measured_directed
53,25,0.0,0.0,measured_directed
53,26,0.019598236158745713,0.019598236158745713,measured_directed
53,27,0.0,0.0,measured_directed
53,28,0.0009799118079372856,0.0009799118079372856,measured_directed
53,29,0.017883390494855465,0.017883390494855465,measured_directed
53,30,0.012493875551200392,0.012493875551200392,measured_directed
53,31,0.040601210228381805,0.040601210228381805,measured_directed
53,32,0.009554140127388535,0.009554140127388535,measured_directed
53,33,0.06957373836354729,0.06957373836354729,measured_directed
53,34,0.02082312591866732,0.02082312591866732,measured_directed
53,35,0.09162175404213621,0.09162175404213621,measured_directed
53,36,0.02253797158255757,0.02253797158255757,measured_directed
53,37,0.08133268005879471,0.08133268005879471,measured_directed
53,38,0.01935325820676139,0.01935325820676139,measured_directed
53,39,0.0,0.0,measured_directed
53,40,0.0017148456638902498,0.0017148456638902498,measured_directed
53,41,0.010534051935325821,0.010534051935325821,measured_directed
53,42,0.006369426751592357,0.006369426751592357,measured_directed
53,43,0.0034296913277804997,0.0034296913277804997,measured_directed
53,44,0.002204801567858893,0.002204801567858893,measured_directed
53,45,0.08280254777070063,0.08280254777070063,measured_directed
53,46,0.06516413522782949,0.06516413522782949,measured_directed
53,47,0.09701126898579128,0.09701126898579128,measured_directed
53,48,0.2070063694267516,0.2070063694267516,measured_directed
53,49,0.02449779519843214,0.02449779519843214,measured_directed
53,50,0.024742773150416463,0.024742773150416463,measured_directed
53,51,0.2508574228319451,0.2508574228319451,measured_directed
53,52,0.6648701616854483,0.6648701616854483,measured_directed
53,53,0.0,1.0,co_located_assumption
53,54,0.8182263596276335,0.8182263596276335,measured_directed
54,1,0.12057667103538663,0.12057667103538663,measured_directed
54,2,0.1544654559071335,0.1544654559071335,measured_directed
54,3,0.20089870810709606,0.20089870810709606,measured_directed
54,4,0.399925107657742,0.399925107657742,measured_directed
54,5,0.0022467702677401234,0.0022467702677401234,measured_directed
54,6,0.20801348062160643,0.20801348062160643,measured_directed
54,7,0.47575360419397117,0.47575360419397117,measured_directed
54,8,0.7017412469574986,0.7017412469574986,measured_directed
54,9,0.5841602696124322,0.5841602696124322,measured_directed
54,10,0.2765399737876802,0.2765399737876802,measured_directed
54,11,0.2885227485489609,0.2885227485489609,measured_directed
54,12,0.236472570679648,0.236472570679648,measured_directed
54,13,0.2329151844223928,0.2329151844223928,measured_directed
54,14,0.1439805279910129,0.1439805279910129,measured_directed
54,15,0.0001872308556450103,0.0001872308556450103,measured_directed
54,16,0.0022467702677401234,0.0022467702677401234,measured_directed
54,17,0.004493540535480247,0.004493540535480247,measured_directed
54,18,0.0,0.0,measured_directed
54,19,0.0,0.0,measured_directed
54,20,0.0,0.0,measured_directed
54,21,0.0,0.0,measured_directed
54,22,0.0,0.0,measured_directed
54,23,0.0014978468451600825,0.0014978468451600825,measured_directed
54,24,0.0,0.0,measured_directed
54,25,0.0,0.0,measured_directed
54,26,0.06515633776446358,0.06515633776446358,measured_directed
54,27,0.0001872308556450103,0.0001872308556450103,measured_directed
54,28,0.026961243212881483,0.026961243212881483,measured_directed
54,29,0.029395244336266616,0.029395244336266616,measured_directed
54,30,0.022280471821756225,0.022280471821756225,measured_directed
54,31,0.12091404358353511,0.12091404358353511,measured_directed
54,32,0.08837296386444486,0.08837296386444486,measured_directed
54,33,0.11290020595394121,0.11290020595394121,measured_directed
54,34,0.12226174873619172,0.12226174873619172,measured_directed
54,35,0.1310615989515072,0.1310615989515072,measured_directed
54,36,0.03370155401610185,0.03370155401610185,measured_directed
54,37,0.06440741434188355,0.06440741434188355,measured_directed
54,38,0.014791237595955815,0.014791237595955815,measured_directed
54,39,0.0014978468451600825,0.0014978468451600825,measured_directed
54,40,0.009736004493540536,0.009736004493540536,measured_directed
54,41,0.006740310803220371,0.006740310803220371,measured_directed
54,42,0.0001872308556450103,0.0001872308556450103,measured_directed
54,43,0.0,0.0,measured_directed
54,44,0.001310615989515072,0.001310615989515072,measured_directed
54,45,0.03201647631529676,0.03201647631529676,measured_directed
54,46,0.004306309679835237,0.004306309679835237,measured_directed
54,47,0.005804156524995319,0.005804156524995319,measured_directed
54,48,0.0400674031080322,0.0400674031080322,measured_directed
54,49,0.039318479685452164,0.039318479685452164,measured_directed
54,50,0.10934281969668601,0.10934281969668601,measured_directed
54,51,0.2091368657554765,0.2091368657554765,measured_directed
54,52,0.691256319041378,0.691256319041378,measured_directed
54,53,0.7406852649316608,0.7406852649316608,measured_directed
54,54,0.0,1.0,co_located_assumption
